,SMILES,Predictions
0,CC1(C)[C@@H]2CC[C@@]1(C)[C@@H](O)C2,5.692594
1,O[C@H]1CC2=C(O)C=C(O)C=C2O[C@@H]1C1=CC(O)=C(O)C=C1,5.728871
2,O[C@H]1CC2=C(O)C=C(O)C=C2O[C@H]1C1=CC=C(O)C(O)=C1,5.2690487
3,CC1(C)C2CCC(C)(C2)C1=O,6.5960007
4,COC1=C(O)C=CC(C[C@H]2CO[C@@H]([C@H]2CO)C2=CC(OC)=C(O)C=C2)=C1,6.511891
5,COC1=C(O)C=CC(C[C@H]2COC(=O)[C@@H]2CC2=CC(OC)=C(O)C=C2)=C1,5.1506186
6,CC(C)[C@@H]1CC[C@@H](C)C[C@@H]1O,6.257458
7,[H][C@@]12CO[C@@H](C3=CC=C(O)C(OC)=C3)[C@]1([H])CO[C@H]2C1=CC(OC)=C(O)C=C1,5.343558
8,CC1(C)[C@H]2CC[C@]1(C)[C@H](O)C2,5.439045
9,CC1(C)C[C@H]2[C@H]1CC1OC1CCCC2=C,5.655172
10,CC1(C)C[C@H]2[C@H]1CC1OC1CCCC2(O)CO,6.4042206
11,[H][C@@]1(O)CC2=C(O)C=C(O)C=C2O[C@]1([H])C1=CC(OS(O)(=O)=O)=C(O)C=C1,6.399481
12,[H][C@@]1(O)CC2=C(O)C=C(O)C=C2O[C@]1([H])C1=CC(O)=C(OS(O)(=O)=O)C=C1,6.376717
13,[H][C@@]1(O)CC2=C(O[C@]1([H])C1=CC(O)=C(O)C=C1)C=C(O)C=C2OS(O)(=O)=O,5.7277617
14,O[C@@H]1CC2=C(O[C@@H]1C1=CC(O)=C(O)C=C1)C=C(O)C=C2O,5.1506186
15,CC(C)[C@@H]1CC[C@@H](C)C[C@H]1O,5.1324043
16,CC(C)[C@@H]1CC[C@@H](C)CC1=O,6.2764935
17,[H][C@@]12COC3=CC(O)=CC=C3[C@]1([H])OC1=C(CC=C(C)C)C(O)=CC=C21,6.1286025
18,[H][C@@]12COC3=C(C=CC(O)=C3)[C@]1([H])OC1=C2C=CC2=C1C=CC(C)(C)O2,6.204827
19,[H][C@]1(COC2=C(C1)C=CC(O)=C2)C1=C(O)C2=C(OC(C)(C)C=C2)C=C1,5.7421002
20,[H][C@]12OC3=C(C=CC(OC)=C3)[C@@]1(O)COC1=C2C=CC(OC)=C1,6.393248
21,[H][C@@]1(O)CC2=C(O[C@]1([H])C1=CC(OS(O)(=O)=O)=C(O)C=C1)C=C(O)C=C2O,5.2544727
22,OC(=O)CNC(=O)C1=CC=C(O1)C(O)=O,5.1119733
23,CC(CC\C=C(/C)C(O)=O)CC(O)=O,5.692594
24,OC1CC2=C(O)C=C(O)C=C2OC1C1=CC(O)=C(O)C=C1,5.1451125
25,OC(=O)CC1=CNC2=CC=CC=C12,6.377127
26,O[C@@H]1CC2=C(O)C=C(OS(O)(=O)=O)C=C2O[C@@H]1C1=CC=C(O)C(O)=C1,5.103936
27,CC1=CC=CC=[N+]1C,5.3291426
28,CN1C(=O)NC2=C1C(=O)N(C)C(=O)N2C,5.638395
29,CC1C[C@@H](C2=C1C=C(O)C(O)=C2)C1=CC=C(O)C(O)=C1,5.362416
30,CN1C2=C(NC(=O)N2)C(=O)N(C)C1=O,5.638395
31,CC1C[C@H](C2=C1C=C(O)C(O)=C2)C1=CC=C(O)C(O)=C1,5.284841
32,CC(C)C12CCC(C)(CC1)O2,5.2736745
33,CC(=C)C12CCC(C)(CC1)O2,5.3299336
34,CC(C(O)=O)C12CCC(C)(CC1)O2,5.30313
35,O=C1C=CC(=O)C2=CC=CC=C12,5.238208
36,O=C1C2CCCN2C(=O)C2CCCN12,5.3816886
37,CN1C(=O)NC2=C1C(=O)N(C)C(=O)N2,5.232269
38,C[C@@]12CC[C@@H](CC1)C(C)(C)O2,6.746534
39,COC1=C(O)C=CC(=C1)[C@H]1OC[C@@]2(OC(C)=O)[C@@H]1CO[C@@H]2C1=CC(OC)=C(O)C=C1,5.0283813
40,N#CCC1CS1,5.1891274
41,CC(C)(O)C1=CC=C(C=C1)C(O)=O,5.0319114
42,C[N+]1=CC=CC=C1,5.4490495
43,CN1C(=O)NC2=C(NC(=O)N2)C1=O,5.452653
44,CN1C(=O)NC2=C(NC=N2)C1=O,5.348813
45,CC1(C)C2CCC(CO)(C2)C1=O,5.349048
46,CC1(C)C2C3CC1CC23CO,6.7030463
47,[H][C@@]1(C)C(=O)O[C@]2([H])[C@@]3([H])C(CO)=CC(=O)C3=C(C)C[C@]([H])(OC(=O)CC3=CC=C(O)C=C3)[C@@]12[H],5.9915423
48,[H][C@]12OC(=O)[C@@H](C)[C@]1([H])[C@@H](O)CC(C)=C1C(=O)C=C(CO)[C@]21[H],5.466911
49,C\C(CO)=C/CC\C(C)=C\CC\C(C)=C\CO,6.0991545
50,O[C@H]1CCN2C[C@H]3C[C@H](CN4[C@@H]3CCCC4=O)[C@H]2C1,5.625038
51,[H][C@]12CC(C)(CO)[C@]1([H])CCC1(C)OC1CCC2=C,6.0314507
52,CC12CCCC(C)(CO)C3C(CCC13)C2C=O,6.6012826
53,CCC(O)\C=C\C1C=CC(=O)C1CCCCCCCC(O)=O,6.651736
54,CCC(O)\C=C\C1=C(CCCCCCCC(O)=O)C(=O)CC1,6.802898
55,CCC(O)\C=C\C1C(CCCCCCCC(O)=O)C(O)CC1=O,6.3256936
56,CC\C=C/C=C1/C(CCCCCCCC(O)=O)C=CC1=O,6.8152347
57,CCC(O)\C=C\C1C(O)CC(=O)C1CCCCCCCC(O)=O,6.7884536
58,CCC(O)\C=C\C1C(O)CC(O)C1CCCCCCCC(O)=O,6.704081
59,CCC(O)\C=C\C1C2CC(OO2)C1CCCCCCCC(O)=O,6.7516055
60,CC(CO)C1=C(O)C(O)=C2C(=C1)C1CC3C(C)(C)CCC[C@]23C(=O)O1,6.589222
61,CCC(O)\C=C\C1C(CCCCCCCC(O)=O)C=CC1=O,6.7170587
62,CO[C@]1(CO)C[C@]23C[C@@H]1CC[C@H]2[C@]1(C)CCC2=C(C=CO2)[C@H]1CC3,6.6587806
63,CO[C@]1(CO)C[C@]23C[C@H]1CC[C@H]2[C@]1(C)C=CC2=C(C=CO2)[C@H]1CC3,5.6522937
64,OC1=CC(O)=C(C=C1)C1=COC2=C(C=CC(O)=C2)C1=O,6.5489764
65,OC[C@H]1OC(OC2=C(O)C=C3N(CCC3=C2)\C=C\C2=CC=NC=C2)[C@H](O)[C@@H](O)[C@@H]1O,5.244702
66,CC=C(C)C1CCC(C)(C)O1,5.3170633
67,CC1(C)C2CCC1(C)C(=O)C2=O,5.5999384
68,COC1=CC=C(C=C1)C1COC2=C(C(O)=CC(O)=C2)C1=O,5.16205
69,COC1=C(O)C=CC(=C1)C(=O)C(O)CO,5.2690177
70,CC(C)C1=CC=C(C)C(O)=C1O,5.3452277
71,OC(=O)C1=C(O)C(O)=CC=C1,5.3383107
72,OC(=O)C1=C(O)C=C(O)C=C1O,5.3389726
73,OC1OC2=CC=CC=C2N(O)C1=O,5.266104
74,COC1=C(OC)C2=C(C=C1)N(O)C(=O)C(O)O2,5.099507
75,COC1=CC2=C(C=C1)N(O)C(=O)C(O)O2,5.1714344
76,OC(=O)C1=C(O)C=C(O)C=C1,5.330775
77,CC1(C)C2CC(=O)C1(C)CC2=O,5.2579374
78,CC(C)C1=C(O)C=C(C)C(O)=C1,4.9454856
79,CC1=CN=C(C)C=N1,5.3904343
80,OC(=O)C1=C(O)C=CC=C1O,5.364967
81,COC1=CC(=O)C=C(OC)C1=O,5.33848
82,CC1=CC2=C(OC(C)(CCO)CC2)C=C1,5.397688
83,CC1=CN=CC(C)=N1,5.153316
84,CC(CO)C1=CC=C(C)C(O)=C1,5.2119575
85,CC1=CC=C(C=C1O)C(C)(C)O,5.1396194
86,CC(CO)C1=CC=C(C)C=C1O,5.1329823
87,CC(C(O)=O)C1=CC=C(C)C=C1O,5.646923
88,OC(=O)CNC(=O)C1=CC(O)=CC(O)=C1,5.200521
89,CC(C(O)=O)C1=CC=C(C)C(O)=C1,5.035795
90,OCCC1=CC=CC(O)=C1,5.1469135
91,CC(CO)C1=CC=C(CO)C=C1O,5.4783416
92,CC(C(O)=O)C1=CC=C(C(O)=O)C(O)=C1,5.5820656
93,NC1=CC=CC=C1OS(O)(=O)=O,5.0757403
94,OC1=NC2=CC=CC=C2O1,5.228763
95,CCC1=C(C)N=C(C)C=N1,5.3209352
96,CC(C)C12CCC(C)(O1)C(O)C2,5.1338644
97,OC1OC2=CC=CC=C2N=C1O,5.3688836
98,CC1(C)OC2(C)CCC1CC2O,5.319696
99,OC(CC1=CC=C(O)C(O)=C1)C(O)=O,5.1132474
100,OC(CC1=CC=C(O)C=C1)C(O)=O,5.2222457
101,CON1C(=O)C(O)OC2=C1C=CC(OC)=C2OC,5.0938115
102,CON1C(=O)C(O)OC2=C1C=CC(OC)=C2,5.2831407
103,CON1C(=O)C(O)OC2=CC=CC=C12,4.980388
104,COC1=CC(O)=C(C=C1)C(O)=O,5.2285447
105,COC1=C(OC)C2=C(NC(=O)C(O)O2)C=C1,4.9687095
106,COC1=CC2=C(C=C1)N=C(O)C(O)O2,5.032427
107,OCC(O)=NC1=CC=CC=C1O,5.058409
108,CC(C)C1=CC=C(C(O)=O)C(O)=C1,5.0559487
109,CC(C)C1=CC=C(CO)C(O)=C1,5.3016706
110,CC(C)C(O)(CC(O)=O)C(O)=O,5.08685
111,COC1=C(O)C=C(\C=C\C)C=C1,5.0577545
112,COC1=CC=CC=C1CC(O)=O,5.924064
113,CC(CCC1=C(C)C(=O)C2=C(C=CC=C2)C1=O)C(O)=O,6.267431
114,CC(CCC(O)=O)=CCC1=C(C)C(=O)C2=CC=CC=C2C1=O,4.932573
115,CCCC(C)=O,5.222449
116,[H][C@]1(CSC(S)=N1)C(O)=O,5.0262313
117,CC1(CCC(=O)O1)C=C,6.8495035
118,[H][C@@]12CC[C@@]34C[C@@H](CC[C@]3(C)[C@@]1(O)CCC[C@]2(C)C(O)=O)[C@@]1(COC(C)(C)O1)C4,5.8498964
119,CC(C(=O)C1=CC=C(O)C=C1O)C1=CC(O)=C(O)C=C1,5.6464825
120,OC1=CC2=C(C=C1)C(=O)C(=CO2)C1=CC(O)=C(O)C=C1,5.1112733
121,OC(=O)CC1=CC(O)=C(O)C=C1,6.6355453
122,COC1=C(O)C=C(C[C@H](OC(=O)\C=C\C2=CC(O)=C(OC)C=C2)C(O)=O)C=C1,6.604532
123,COC1=C(O)C=C(C=C1)C1=CC(=O)C2=C(OC)C(OC)=C(OC)C(OC)=C2O1,5.7585073
124,OC1=CC2=C(C(O)=C1)C(=O)C(=CO2)C1=CC(O)=C(O)C=C1,5.060965
125,OC(=O)CC1=CC(O)=CC=C1,5.0180383
126,OCCC1=CC=C(O)C(O)=C1,5.048176
127,COC1=CC(CC(O)=O)=CC=C1O,5.7273526
128,COC1=C(O)C=CC(=C1)C1=[O+]C2=CC(O)=CC(O)=C2C=C1O,4.974184
129,COC1=CC=CC(CC(O)=O)=C1,6.555902
130,COC1=C(O)C=C(C[C@H](OC(=O)\C=C\C2=CC(O)=C(O)C=C2)C(O)=O)C=C1,6.5672727
131,COC1=C(O)C=C(C[C@H](OC(=O)\C=C\C2=CC(OS(O)(=O)=O)=C(O)C=C2)C(O)=O)C=C1,6.5207324
132,COC1=C(OS(O)(=O)=O)C=C(C[C@H](OC(=O)\C=C\C2=CC(O)=C(O)C=C2)C(O)=O)C=C1,6.551003
133,COC1=C(O)C=C(C[C@H](OC(=O)\C=C\C2=CC(O)=C(OS(O)(=O)=O)C=C2)C(O)=O)C=C1,6.5298448
134,[H][C@@]1(O)CC2=C(O)C=C(O)C=C2O[C@]1([H])C1=CC(OC)=C(OS(O)(=O)=O)C=C1,6.4931245
135,[H][C@@]1(O)CC2=C(O[C@]1([H])C1=CC(OC)=C(O)C=C1)C=C(O)C=C2OS(O)(=O)=O,6.496466
136,[H][C@@]1(O)CC2=C(O)C=C(OS(O)(=O)=O)C=C2O[C@]1([H])C1=CC(OC)=C(O)C=C1,5.902042
137,COC1=CC(=CC=C1O)[C@H]1OC2=C(C[C@H]1O)C(O)=CC(O)=C2,5.775023
138,OC1=CC2=C(C=C1)C1=C(C=CC=C1O)C(=O)O2,6.641276
139,COC1=C(O)C=C(C[C@H](OC(=O)\C=C\C2=CC(OC)=C(O)C=C2)C(O)=O)C=C1,6.566014
140,COC1=C(O)C=CC(\C=C\C(=O)O[C@@H](CC2=CC(OS(O)(=O)=O)=C(OC)C=C2)C(O)=O)=C1,6.625529
141,COC1=C(O)C=C(C[C@H](OC(=O)\C=C\C2=CC(OC)=C(OS(O)(=O)=O)C=C2)C(O)=O)C=C1,5.454843
142,C(C1=CNC2=CC=CC=C12)C1=CNC2=CC=CC=C12,5.672884
143,OC1=C(O)C2=C(C=C1)C1=C(C=CC=C1)C(=O)O2,5.247243
144,OC1=CC=C(\C=C\C2=CC=CC(O)=C2)C=C1,6.5958085
145,COC1=C(O)C=CC(C[C@H](OC(=O)\C=C\C2=CC(OC)=C(O)C=C2)C(O)=O)=C1,6.588381
146,COC1=C(O)C=CC(\C=C\C(=O)O[C@@H](CC2=CC(OC)=C(OS(O)(=O)=O)C=C2)C(O)=O)=C1,5.9479938
147,OC1=CC=CC2=C1C1=C(OC2=O)C(O)=C(O)C=C1,5.9279737
148,OC1=CC2=C(C=C1)C(=O)OC1=C2C=CC(O)=C1O,6.6921797
149,COC(=O)C1=CO[C@@H](O)\C(=C/C)[C@@H]1CC(=O)OCCC1=CC=C(O)C(O)=C1,6.5331807
150,[H]\C(C)=C(\C=O)C(CC=O)CC(=O)OCCC1=CC(O)=C(O)C=C1,6.5817294
151,C\C=C1/COC(O)CC1CC(=O)OCCC1=CC=C(O)C(O)=C1,5.154398
152,OCC(O)C1=CC(O)=C(O)C=C1,5.082036
153,OC1=CC=C(C=C)C=C1O,5.31641
154,CC1=C(C)C(=O)OC1=O,5.708087
155,C1=C(C=C(C=C1O)OS(=O)(=O)O)C(=O)O,5.2068257
156,OC(=O)C1=CC(O)=CC(O)=C1,5.125016
157,[H]\C(=C(\[H])C1=CC(O)=CC(O)=C1)C(O)=O,5.166242
158,C1=C(C=C(C=C1O)O)C=CC(=O)N,5.4371195
159,C1=C(C=C(C=C1O)OS(=O)(=O)O)C=CC(=O)O,5.4351993
160,CC(C1=CC(=CC(=C1)O)O)OS(=O)(=O)O,5.466565
161,OC1=CC(CCC(=O)OS(O)(=O)=O)=CC(O)=C1,5.3828597
162,CN1C(=O)NC2=C1C(=O)NC(=O)N2C,4.9872456
163,C\C(CC\C=C(/C)C=O)=C/C=O,5.238129
164,C\C(CCC\C(C)=C\C(O)=O)=C/CC(O)=O,5.109044
165,CC(CCC\C(C)=C\C(O)=O)C(O)=O,5.339895
166,CC(CCC\C(C)=C\CC(O)=O)CC(O)=O,5.1078706
167,CC(CCCC(C)C(O)=O)CC(O)=O,5.2579646
168,CC(C)(O)C(O)CCC(C)(O)C=C,5.145093
169,CC(C)(O)C=CCC(C)(O)C=C,5.1801033
170,CC(=C)C(O)CCC(C)(O)C=C,5.220407
171,CC(C)(O)CCCC(C)(O)C=C,6.2982244
172,COC1=CC2=C(C(O)=C1)C(=O)C(OC)=C(O2)C1=CC(O)=C(O)C=C1,5.3982124
173,CC(C)(O)C12CCC(C)(CC1O)O2,5.1429667
174,C\C(CO)=C\CCC(C)(O)CC(O)=O,5.1146607
175,OC(=O)CCC1=CC(O)=C(O)C=C1,5.10683
176,COC1=C(O)C=C(C=C1)C(O)CC(O)=O,5.057476
177,COC1=C(O)C=C(CCC(O)=O)C=C1,5.08774
178,OC(CC(O)=O)C1=CC(O)=CC=C1,5.01483
179,OC(=O)CCC1=CC(O)=CC=C1,5.168497
180,COC1=C(O)C=CC(=C1)C(O)CC(O)=O,5.0565577
181,COC1=CC=CC(CCC(O)=O)=C1,5.123433
182,OC(=O)CCC1=CC(O)=CC(O)=C1,6.4539165
183,OC1C(O)C(OC2=CC=CC(CCC(O)=O)=C2)OC(C1O)C(O)=O,5.1100903
184,COC1=C(O)C=CC(CC(=O)C(O)=O)=C1,5.4180655
185,OC(=O)CCC1=CC=C(O)C(OS([O-])(=O)=O)=C1,5.060579
186,COC1=CC=C(CCC(O)=O)C=C1,5.722674
187,COC1=C(OS(O)(=O)=O)C=C(C=C1)C(O)CC(O)=O,5.528897
188,[H]N1C([H])=C(C2=C([H])C([H])=C([H])C([H])=C12)C([H])([H])N=C=S,6.4539165
189,O[C@@H]1[C@@H](O)[C@H](OC2=CC=CC(CCC(O)=O)=C2)O[C@@H]([C@H]1O)C(O)=O,5.1512933
190,OC(=O)CCC1=CC(OS(O)(=O)=O)=CC=C1,4.990789
191,OC(CC(O)=O)C1=CC=CC=C1,5.3325152
192,OC(CC(O)=O)C1=CC(OS(O)(=O)=O)=CC=C1,5.0002985
193,OC(CC1=CC=CC=C1)C(O)=O,5.166587
194,OC(=O)CCC1=CC=C(OS(O)(=O)=O)C=C1,5.283837
195,CC1=CC[C@@H]2[C@H](C1)C2(CO)C(O)=O,5.3594623
196,CC1=CC[C@@H]2[C@H](C1)C2(C(O)=O)C(O)=O,5.2966104
197,CC1=CC[C@@H]2[C@H](C1)C2(C)C(O)=O,5.272368
198,CC1=CC[C@@H]2[C@H](C1)C2(C)CO,5.4030237
199,CC1(C)C2CCC1(C)C(=O)C2O,6.5850286
200,COC1=C(O)C=CC(\C=C\C(=O)OC2CC(O)(CC(O)C2O)C(O)=O)=C1,5.247139
201,CC12CCC(C(O)C1)C(C)(C)O2,5.158965
202,C\C(=C/CCC(C)(O)CC(O)=O)C(O)=O,5.2366495
203,CC1OC(=O)C(O)=C1C,5.089783
204,CC(C)C1=CC=C(C=C1O)C(O)=O,5.0638714
205,OC(=O)C1=CC(O)=CC=C1,5.434734
206,OC(=O)CC1=CC(O)=C(OS(O)(=O)=O)C=C1,5.1750064
207,CC(C)=CCCC(C)(O)CC(O)=O,5.309324
208,OC(=O)CNC(=O)C1=CC=CC(O)=C1,5.1569467
209,OC(C(O)=O)C1=CC(O)=CC=C1,5.662288
210,OC(CC1=CC=C(OS(O)(=O)=O)C(O)=C1)C(O)=O,5.3715997
211,CC12CC3C(O)C1C2C3(C)C,5.138223
212,COC1=CC(CC(O)C(O)=O)=CC=C1O,6.5541177
213,[H][C@]1(C\C(=C/C=N\CCC2=CC(OC)=C(O)C=C2)C=C(N1)C(O)=O)C(O)=O,5.0992074
214,COC1=CC(=CC=C1)C(C)=O,6.707499
215,COC1=C(OC)C=C(C=C1)C1=C(OC)C(=O)C2=C(OC)C(OC)=C(OC)C(OC)=C2O1,5.843914
216,COC1=CC(CC(O)C(O)=O)=CC=C1OS(O)(=O)=O,6.548775
217,COC1=C(O)C=CC(\C=C\C(=O)O[C@@H](CC2=CC(O)=C(O)C=C2)C(O)=O)=C1,6.550386
218,COC1=C(O)C=CC(\C=C\C(=O)O[C@@H](CC2=CC(O)=C(OS(O)(=O)=O)C=C2)C(O)=O)=C1,6.51439
219,COC1=C(O)C=CC(\C=C\C(=O)O[C@@H](CC2=CC(OS(O)(=O)=O)=C(O)C=C2)C(O)=O)=C1,6.5600314
220,COC1=C(OS(O)(=O)=O)C=CC(\C=C\C(=O)O[C@@H](CC2=CC(O)=C(O)C=C2)C(O)=O)=C1,6.632979
221,COC1=C(OC)C=C(C=C1)C1=C(OC)C(=O)C2=C(OC)C(OC)=C(OC)C=C2O1,5.3318768
222,COC1=CC(CCN)=CC=C1OS(O)(=O)=O,5.1053796
223,CC1=C(O)C(O)=CC=C1,5.315299
224,[H][C@](N)(CC1=CN=CN1C)C(O)=O,5.351333
225,CN1C2=C(NC(=O)N2)C(=O)NC1=O,5.2703114
226,CN1C2=C(NC=N2)C(=O)NC1=O,5.178516
227,CCCCC1OC(=O)C2=C1C=CC=C2,6.3374457
228,[H]\C(=C(\[H])C1=CC(O)=C(O)C=C1)C(=O)OC1CC2(O)CC(OC2=O)C1O,6.318482
229,OC1CC(O)(CC(OC(=O)\C=C/c2ccc(O)cc2)C1O)C(O)=O,6.415211
230,OC1CC(O)(CC(OC(=O)\C=C\C2=CC=C(O)C=C2)C1O)C(O)=O,5.004376
231,OC(=O)CCC1=CC=CC=C1,6.442988
232,OC1C(O)C(OC2=CC=C(CCC(O)=O)C=C2)OC(C1O)C(O)=O,6.6708503
233,COC1=CC(\C=C\C(=O)OC2CC(O)(CC(O)C2O)C(O)=O)=CC(OC)=C1O,5.180098
234,OC(=O)CCCCC1=CC(O)=C(O)C(O)=C1,5.025389
235,COC1=CC=C(CC(O)=O)C=C1O,6.444857
236,COC1=CC(CC(O)=O)=CC=C1O[C@@H]1OC([C@H](O)[C@@H](O)[C@@H]1O)C(O)=O,5.2223477
237,COC1=CC(CC(O)=O)=CC=C1OS(O)(=O)=O,6.5926404
238,COC1=C(OC)C(OC)=C2C(=O)C=C(OC2=C1OC)C1=CC(O)=C(O)C=C1,6.481895
239,COC1=C(OC)C(OC)=C2C(=O)C=C(OC2=C1OC)C1=CC=C(O)C=C1,5.650009
240,OC1=CC=C(C=C1)C1=COC2=C(C=C(O)C(O)=C2)C1=O,5.6371984
241,OC1=CC=C(C=C1)C1=COC2=C(C=CC(O)=C2O)C1=O,6.604332
242,COC1=C(O)C=CC(=C1)C1=CC(=O)C2=C(OC)C(OC)=C(OC)C(OC)=C2O1,5.0031934
243,OC(=O)CC1=CC=C(O)C=C1,5.0753055
244,OC(=O)CCCCC1=CC=C(O)C=C1,5.746075
245,COC1=C(O)C=C(C=C1)C1=C(O)C=C2C(O)=CC(O)=CC2=[O+]1,6.507221
246,COC1=C(O)C=CC(C[C@H](OC(=O)\C=C\C2=CC(O)=C(O)C=C2)C(O)=O)=C1,6.5589347
247,COC1=C(OS(O)(=O)=O)C=CC(C[C@H](OC(=O)\C=C\C2=CC(O)=C(O)C=C2)C(O)=O)=C1,6.535327
248,COC1=C(O)C=CC(C[C@H](OC(=O)\C=C\C2=CC(OS(O)(=O)=O)=C(O)C=C2)C(O)=O)=C1,6.5332565
249,COC1=C(O)C=CC(C[C@H](OC(=O)\C=C\C2=CC(O)=C(OS(O)(=O)=O)C=C2)C(O)=O)=C1,6.4997883
250,[H][C@@]1(O)CC2=C(O[C@]1([H])C1=CC(O)=C(OC)C=C1)C=C(O)C=C2OS(O)(=O)=O,6.5131545
251,[H][C@@]1(O)CC2=C(O)C=C(OS(O)(=O)=O)C=C2O[C@]1([H])C1=CC(O)=C(OC)C=C1,5.1540475
252,COC1=C(O)C=C(C=C1O)C(O)=O,5.788754
253,OC1=CC=CC2=C1OC(=O)C1=C2C(O)=CC=C1,6.592551
254,COC1=C(O)C=C(\C=C\C(=O)O[C@@H](CC2=CC(OC)=C(OS(O)(=O)=O)C=C2)C(O)=O)C=C1,6.6210938
255,COC1=C(O)C=C(C[C@H](OC(=O)\C=C\C2=CC(OS(O)(=O)=O)=C(OC)C=C2)C(O)=O)C=C1,6.560845
256,COC1=C(O)C=C(\C=C\C(=O)O[C@@H](CC2=CC(OS(O)(=O)=O)=C(OC)C=C2)C(O)=O)C=C1,6.5897408
257,COC1=C(O)C=C(\C=C\C(=O)O[C@@H](CC2=CC(OC)=C(O)C=C2)C(O)=O)C=C1,6.586002
258,COC1=C(O)C=CC(C[C@H](OC(=O)\C=C\C2=CC(OS(O)(=O)=O)=C(OC)C=C2)C(O)=O)=C1,5.9579625
259,OC1=CC=CC2=C1OC(=O)C1=C2C(O)=C(O)C=C1,6.141844
260,O[C@@H]1[C@@H](O)[C@@H](OC2=CC=C(C=C2)C(O)=O)OC([C@H]1O)C(O)=O,5.347198
261,CN1C(=O)N(C)C(=O)C(NC=O)=C1N,6.2499433
262,O[C@@H]1C[C@]2(O)C[C@@H](OC2=O)[C@@H]1OC(=O)\C=C\C1=CC(O)=C(O)C=C1,6.5348697
263,CC(C)CC(=O)C1=C(O)C(CC=C(C)C)=C(O)C(CC=C(C)C)=C1O,4.9950166
264,CCC1=CC=C(C=C1)C(O)=O,5.0818877
265,CCC1=CC(O)=C(O)C=C1,5.1395307
266,CCC1=CC(OC)=C(O)C=C1,5.025103
267,CCC1=CC=C(O)C=C1,6.564403
268,[H]\C(=C(\[H])C1=CC(OC)=C(O)C=C1)C(=O)OC1C(O)CC(O)(CC1O)C(O)=O,5.163979
269,O[C@H](CCC(O)=O)CC1=CC=C(O)C(O)=C1,5.0960007
270,COC1=CC=C(C[C@H](O)CCC(O)=O)C=C1O,6.0631547
271,O[C@H](CCC(O)=O)CC1=CC=C(OS(O)(=O)=O)C(O)=C1,6.248033
272,COC1=CC(CC(O)CCC(O)=O)=CC=C1OS(O)(=O)=O,5.0960007
273,COC1=CC=C(C[C@@H](O)CCC(O)=O)C=C1O,6.14208
274,OC(CCC(O)=O)CC1=CC(OS(O)(=O)=O)=C(O)C=C1,6.326366
275,COC1=CC=C(CC(O)CCC(O)=O)C=C1OS(O)(=O)=O,6.4008784
276,OC(CCC(O)=O)CC1=CC(OS(O)(=O)=O)=C(OS(O)(=O)=O)C=C1,5.8212447
277,OC(CCC(O)=O)CC1=CC=CC(OS(O)(=O)=O)=C1,5.393771
278,OC(=O)C1=CC=C(O)C(OS([O-])(=O)=O)=C1,6.0352836
279,OCC1OC(OC2=CC=C(C=C2)C(O)=O)C(O)C(O)C1O,5.3328395
280,C[N+](C)(C)CCOC(O)=C1C=CC(=O)C=C1,4.998388
281,OC\C=C\C1=CC=C(O)C=C1,5.235307
282,OC(=O)CNC(=O)C1=CC=C(O)C=C1,5.09003
283,OC(C(O)=O)C1=CC=C(O)C=C1,5.655682
284,OC(CC1=CC=C(O)C(OS(O)(=O)=O)=C1)C(O)=O,5.0549865
285,OC(=O)CCC1=CC=C(O)C=C1,5.148335
286,COC1=CC=C(CC(O)C(O)=O)C=C1O,4.9449315
287,COC1=CC=C(C=O)C=C1,5.8655944
288,COC1=CC=C(CC(O)C(O)=O)C=C1OS(O)(=O)=O,6.5529923
289,COC1=C(O)C=C(\C=C\C(=O)O[C@@H](CC2=CC(O)=C(OS(O)(=O)=O)C=C2)C(O)=O)C=C1,6.540196
290,COC1=C(O)C=C(\C=C\C(=O)O[C@@H](CC2=CC(O)=C(O)C=C2)C(O)=O)C=C1,6.553283
291,COC1=C(OS(O)(=O)=O)C=C(\C=C\C(=O)O[C@@H](CC2=CC(O)=C(O)C=C2)C(O)=O)C=C1,5.0659213
292,CC1=CC(O)=C(O)C=C1,5.38718
293,CS\C=C\CCN=C=S,6.4387074
294,[H][C@@]1(OC2=CC3=C(C=C2)C(C)=CC(=O)O3)O[C@]([H])(C(O)=O)[C@@]([H])(O)[C@]([H])(O)[C@@]1([H])O,5.450913
295,CC1=CC(=O)OC2=C1C=CC(OS(O)(=O)=O)=C2,6.250062
296,[H]\C(=C(\[H])C1=CC(O)=C(O)C=C1)C(=O)OC1C2CC(O)(CC1O)C(=O)O2,5.6103206
297,COC1=C(O)C=C(C=C1OS(O)(=O)=O)C(O)=O,6.3986278
298,OC1CC(O)(CC(O)C1OC(=O)\C=C\C1=CC=C(O)C=C1)C(O)=O,5.1042914
299,C=CCCCN=C=S,6.6961946
300,COC1=CC(\C=C\C(=O)OC2C(O)C[C@](O)(CC2O)C(O)=O)=CC(OC)=C1O,6.124703
301,OC(=O)CCC(CC1=CC(O)=C(O)C=C1)OS(O)(=O)=O,6.2942286
302,COC1=CC(CC(CCC(O)=O)OS(O)(=O)=O)=CC=C1O,5.540871
303,OC(=O)CCC(CC1=CC=CC=C1)OS(O)(=O)=O,5.1183095
304,COC1=C(O)C=CC(C=C)=C1,5.04092
305,OC1=CC=C(C=C)C=C1,5.1826634
306,COC1=CC(\C=C\C2=CC=CC=C2)=CC(O)=C1O,5.149879
307,COC1=CC=C(C=C1)C(=O)NCC(O)=O,5.366748
308,COC1=CC=C(CC(O)=O)C=C1OS(O)(=O)=O,5.5691667
309,OC(=O)CC1=CC=C(O)C(OS(O)(=O)=O)=C1,6.414267
310,COC1=CC=C(CC(O)=O)C=C1O[C@H]1O[C@H]([C@H](O)[C@@H](O)[C@@H]1O)C(O)=O,6.5103717
311,COC1=C(OC)C(OC)=C2OC(=CC(=O)C2=C1O)C1=CC(CO)=C(O)C=C1,6.600408
312,COC1=C(OC)C=C(C=C1)C1=CC(=O)C2=C(O)C(OC)=C(OC)C(OC)=C2O1,6.3796325
313,COC1=CC=C(C=C1O)C1=CC(=O)C2=C(O)C(OC)=C(OC)C=C2O1,6.347869
314,COC1=CC(=CC=C1O)C1=CC(=O)C2=C(O)C(OC)=C(OC)C=C2O1,6.4566474
315,COC1=C(O)C(=CC(\C=C\C(O)=O)=C1)C1=CC(\C=C\C(O)=O)=CC(OC)=C1O,6.459927
316,COC1=CC(CCC(O)=O)=CC(=C1O)C1=C(O)C(OC)=CC(CCC(O)=O)=C1,6.7425385
317,CCCC\C=C/CCCCCCCCCCCc1cc(O)cc(O)c1,6.9491687
318,CCCCCCCCCCCCCCCCCC=CC1=C(C=CC(=C1O)O)O,5.050881
319,OC1=C(O)C=C(CC2CCC(=O)O2)C=C1,5.1026573
320,OC(=O)CCCCC1=CC(O)=C(O)C=C1,5.0882297
321,OC(=O)CCCCC1=CC(O)=CC(O)=C1,5.1231813
322,COC1=C(O)C=C(CC2CCC(=O)O2)C=C1,5.13362
323,OC(CCC(O)=O)CC1=CC=CC(O)=C1,5.0649714
324,OC1=CC=CC(CC2CCC(=O)O2)=C1,6.55475
325,OC1C(O)C(OC2=CC=C(CC3CCC(=O)O3)C=C2O)OC(C1O)C(O)=O,5.9076333
326,OC1=CC=C(CC2CCC(=O)O2)C=C1OS(O)(=O)=O,5.06602
327,OC(=O)CCCCC1=CC=CC(O)=C1,5.8710465
328,OC(=O)CCCCC1=CC=C(OS(O)(=O)=O)C(O)=C1,5.8749747
329,COC1=CC(CC2CCC(=O)O2)=CC=C1OS(O)(=O)=O,5.1992784
330,OC(=O)CCCCCC1=CC(O)=CC(O)=C1,5.7855253
331,OC(=O)CCCCC1=CC(O)=CC(OS(O)(=O)=O)=C1,5.178861
332,OC1=CC(CC2CCC(=O)O2)=CC(O)=C1O,5.088185
333,COC1=CC(CC2CCC(=O)O2)=CC=C1O,5.824229
334,OC1=CC=C(C[C@H]2CCC(=O)O2)C=C1OS([O-])(=O)=O,5.9417615
335,OC(=O)CCCCC1=CC(OS(O)(=O)=O)=C(O)C=C1,6.66151
336,COC1=CC=C(C[C@H]2CCC(=O)O2)C=C1O[C@@H]1O[C@@H]([C@@H](O)[C@H](O)[C@H]1O)C(O)=O,6.041366
337,COC1=CC=C(C[C@H]2CCC(=O)O2)C=C1OS(O)(=O)=O,5.0724044
338,OC1=CC=C(CC2CCC(=O)O2)C=C1,6.5571733
339,O[C@@H]1[C@@H](O)[C@H](OC2=CC(C[C@H]3CCC(=O)O3)=CC=C2O)O[C@@H]([C@H]1O)C(O)=O,5.9019103
340,OC(CCC(O)=O)CC1=CC=CC(OS([O-])(=O)=O)=C1,5.435695
341,[O-]S(=O)(=O)OC1=CC(CC2CCC(=O)O2)=CC=C1,6.4250493
342,OS(=O)(=O)OC1=CC=C(C[C@H]2CCC(=O)C2)C=C1OS(O)(=O)=O,6.6010523
343,O[C@@H]1[C@@H](O)[C@H](OC2=CC(C[C@H]3CCC(=O)O3)=CC=C2)O[C@@H]([C@H]1O)C(O)=O,5.541019
344,OC(=O)CCCCC1=CC=CC(OS(O)(=O)=O)=C1,5.369004
345,CN1C(=O)NC(N)=C(NC(C)=O)C1=O,5.38882
346,CN1C(=O)NC(NC=O)=C(NC(C)=O)C1=O,6.736485
347,COC1=C(C)C=CC(CCC(=O)O[C@@H]2C[C@@](O)(C[C@@H](O)[C@H]2O)C(O)=O)=C1,6.899413
348,CCCCCCCCCCCCCCCCCCCCC1=CC(O)=CC(O)=C1,5.3973365
349,[H]C1(O)CC2(C)C(=O)CC1C2(C)C,6.594147
350,[H]\C(=C(\[H])C1=CC(OC)=C(O)C=C1)C(=O)OC1CC(O)(CC(OS(O)(=O)=O)C1O)C(O)=O,6.884105
351,CCCCCCCCCCCCCCCCCCC\C=C\C1=CC(O)=CC(O)=C1,6.905352
352,CCCCCCCCCCCCCCCCCCCCCC1=CC(O)=CC(O)=C1,6.924986
353,CCCCCCCCCCCCCCCCCCCCCCCCCCCC1=CC(=CC(=C1)O)O,6.754898
354,CCCCCCCCCCCCCC=CC=CC1=CC(=CC(=C1)O)O,6.7173114
355,CCCCCCCCCCCC=CC=CC=CC1=CC(=CC(=C1)O)O,6.785801
356,CCCCCCCC\C=C/CCCCCCCC1=CC(O)=CC(O)=C1,6.839866
357,CCCCCCCCCCCCCCCCCC1=CC(O)=CC(O)=C1,6.7873425
358,CCCCCCCCCCCCCCCCC1=CC(O)=CC(O)=C1,5.437326
359,OC1=CC=C(C=C1)C1COC2=CC(O)=CC(O)=C2C1,5.191721
360,NC1=C(C=C(O)C=C1)C(O)=O,5.3082113
361,OC(=O)CC1=CNC2=C1C=C(O)C=C2,5.0784335
362,CC(C)C1=C(O)C=C(CO)C=C1,5.024228
363,[H]C(=O)C1=CC=C(CO)O1,5.00028
364,OCC1=CC=C(O1)C(O)=O,5.0261235
365,OCC1=CC=C(O1)C=O,6.469255
366,OCCC[C@H](\N=C/C=C1\C[C@@H](NC(=C1)C(O)=O)C(O)=O)C(O)=O,5.1086497
367,OC(=O)C1=CNC(=O)C=N1,5.1517463
368,[H]C(=O)C1=CNC2=C1C=C(OC)C=C2,6.049769
369,COC1=CC(OS(O)(=O)=O)=CC(\C=C\C2=CC=C(O)C=C2)=C1,6.631085
370,COC1=CC(OC2OC(CO)C(O)C(O)C2O)=CC(\C=C\C2=CC=C(O)C=C2)=C1,6.911063
371,CCCCCCCCCCCCCCCCCCCCCCC1=CC(=CC(=C1)O)O,6.856945
372,CCCCCCCCCCCCCCCCC\C=C\C1=CC(O)=CC(O)=C1,6.8896933
373,CCCCCCCCCCCCCCCCCCCC1=CC(O)=CC(O)=C1,6.323522
374,OC1C=C(CC(OC(=O)\C=C\C2=CC(O)=C(O)C=C2)C1O)C(O)=O,6.8719287
375,CCCCCCCCCCCCCCCCCCC1=CC(O)=CC(O)=C1,6.90145
376,CCCCCCCCCCCCCCCCCCCCCCC\C=C\C1=CC(O)=CC(O)=C1,6.923782
377,CCCCCCCCCCCCCCCCCCCCCCCCCC1=CC(O)=CC(O)=C1,6.4846416
378,CCC\C=C/C\C=C/CCCCCCCC1=CC(O)=CC(O)=C1,6.5872283
379,CCCCCC\C=C/CCCCCCCC1=CC(O)=CC(O)=C1,6.707122
380,CCCCCCCCCCCCCCCC1=CC(O)=CC(O)=C1,6.9204354
381,CCCCCCCCCCCCCCCCCCCCCCCCC1=CC(=CC(=C1)O)O,6.8950152
382,CCCCCCCCCCCCCCCCCCCCC\C=C\C1=CC(O)=CC(O)=C1,6.9165826
383,CCCCCCCCCCCCCCCCCCCCCCCC1=CC(O)=CC(O)=C1,6.7144637
384,CC(=O)OCC1OC(OC2=CC3=C(C=C2)C(=O)C(=CO3)C2=CC=C(O)C=C2)C(O)C(O)C1O,6.594176
385,C\C(CCC(O)C(C)(C)O)=C\COC1=C2C=COC2=CC2=C1C=CC(=O)O2,5.6522303
386,CC(C(=O)C1=C(O)C=C(O)C=C1O)C1=CC=C(O)C=C1,5.6110406
387,COC1=CC=C(C=C1)C(C)C(=O)C1=C(O)C=C(O)C=C1O,6.6185336
388,CC(C)=CCC1=C(O)C2=C(OC(CC2=O)C2=CC=C(O)C=C2)C(CC=C(C)C)=C1O,5.365043
389,CC1(C)C2CC(O)C(C)(C2)C1=O,5.3181777
390,CC1(C)C2CC(O)C(C2)C1=C,5.3649964
391,[H][C@]1(O)C[C@@]2([H])C[C@]1(C)C(=O)C2(C)C,6.6067033
392,CC(C)=CCC\C(C)=C\CC1=C(O)C2=C(OC(CC2=O)C2=CC=C(O)C=C2)C=C1O,6.1362057
393,CC1NCCC2=C1NC1=CC=C(OS(O)(=O)=O)C=C21,5.281836
394,CC1NCCC2=C1NC1=CC=C(O)C=C21,5.8102603
395,OC1=CC=C(C=C1)C1=COC2=C(C(O)=C(O)C(O)=C2)C1=O,5.9317603
396,OC1=CC2=C(C(O)=C1O)C(=O)C=C(O2)C1=CC(O)=C(O)C=C1,4.9870963
397,COC1=CC2=C(C=C1)N=C(O)O2,5.122008
398,CC1=NC(=CN=C1)C(O)=O,6.3734484
399,CC(C)=CCC1=C(O)C=C2OC(CC(=O)C2=C1O)C1=CC=C(O)C=C1,6.698836
400,[H]N(CCC1=CN([H])C2=CC(OS(O)(=O)=O)=C(OC)C=C12)C(C)=O,5.674412
401,OC1=CC2=C(C=C1)C(=O)C=C(O2)C1=CC(O)=C(O)C=C1,5.562212
402,OC1=CC=C(C=C1)C1=CC(=O)C2=C(O1)C=C(O)C=C2,5.30411
403,CC1(C)C2CCC(C2O)C1=C,6.5483937
404,COC1=CC(C[C@H]2COC(=O)C2[C@H](O)C2=CC=C(O)C(OC)=C2)=CC=C1O,6.5679026
405,COC1=CC(C[C@@H](CO)[C@H](CO)C(O)C2=CC=C(O)C(OC)=C2)=CC=C1O,5.4112716
406,CN1C(=O)NC2=C1C(=O)NC(=O)N2,5.22846
407,CN1C=NC2=C1C(=O)NC(=O)N2,5.3637156
408,OC(=O)CCCCCC(=O)CCCC=C,6.5932565
409,COC1=CC(C[C@H]2COC(=O)C2C(=O)C2=CC=C(O)C(OC)=C2)=CC=C1O,5.7776065
410,OC1=CC2=C(C(O)=C1)C1=C(OC2=O)C=CC=C1,6.5826354
411,COC1=C2OC(C(C(O)=O)C2=CC(\C=C\C(O)=O)=C1)C1=CC=C(O)C(OC)=C1,6.440736
412,[H]C(=C([H])C1=CC(\C(=C(\[H])C2=CC(OC)=C(O)C=C2)C(O)=O)=C(O)C(OC)=C1)C(O)=O,5.680303
413,OC1=CC2=C(C=C1O)C1=C(OC2=O)C=CC=C1,5.876241
414,OC1=CC2=C(C(O)=C1O)C1=C(OC2=O)C=CC=C1,5.4217534
415,CC(O)(CO)C12CCC(C)(CC1)O2,5.2798314
416,CC(O)(CO)C1CCC(CC1)C(O)=O,5.2100005
417,CC1=CCC(CC1)C1(C)CO1,5.058112
418,C\C(CC\C=C(/C)C(O)=O)=C/CO,5.1295385
419,C\C(=C/CCC(C)(O)C=C)C(O)=O,6.4457955
420,CC1=C2C(C3OC(=O)C(=C)C3CC1)C(COS(O)(=O)=O)=CC2=O,6.758875
421,CC1=C2C(C3OC(=O)C(=C)C3CC1)C(COC1OC(C(O)C(O)C1O)C(O)=O)=CC2=O,5.0276957
422,C\C(CO)=C/CC\C(C)=C\C=O,5.766989
423,OC1=CC=C(C=C1)C1=COC2=C(C(O)=CC(O)=C2O)C1=O,4.9994874
424,C\C(CO)=C/CC\C(C)=C\CO,5.354261
425,CSCCCCCCCC#N,6.5703325
426,COC1=CC(\C=C(/OC2=CC=C(\C=C\C(O)=O)C=C2OC)C(O)=O)=CC=C1O,6.380393
427,CC(C)=CCC1=C2O[C@@H](CC(=O)C2=C(O)C=C1O)C1=CC=C(O)C=C1,5.713584
428,OC1=C(O)C2=C(C=C1)C(=O)OC1=C2C=CC=C1,6.5934367
429,CCC1C(\C=C\C(O)CCCCCCCC(O)=O)C=CC1=O,6.654653
430,CCC1=C(CCC1=O)\C=C\C(O)CCCCCCCC(O)=O,6.84355
431,CCC1C(O)CC(=O)C1\C=C\C(O)CCCCCCCC(O)=O,6.26129
432,CCC1C=CC(=O)\C1=C/C=C\CCCCCCCC(O)=O,6.8372836
433,CCC1C(\C=C\C(O)CCCCCCCC(O)=O)C(O)CC1=O,6.8362937
434,CCC1C(O)CC(O)C1\C=C\C(O)CCCCCCCC(O)=O,6.6874547
435,CCC1C2CC(OO2)C1\C=C\C(O)CCCCCCCC(O)=O,5.3625464
436,CC(CO)C12CCC(C)(CC1)O2,5.330846
437,CC1(CO)OC2(C)CCC1CC2,6.596233
438,CCC1C=CC(=O)C1\C=C\C(O)CCCCCCCC(O)=O,5.084706
439,COC1=C(OC(C)=O)C=CC(CC=C)=C1,5.125651
440,CC(=O)C1=CC=C(OS([O-])(=O)=O)C=C1,5.499656
441,C[C@@H]1[C@@H]2CCC(C)=C3[C@@H]([C@H]2OC1=O)C(C)=CC3=O,5.3011727
442,NC1=C2NC=NC2=NC=N1,6.7320313
443,CCC(C)C(=O)C1=C(O)C(CC=C(C)C)=C(O)C(O)(CC=C(C)C)C1=O,6.7264037
444,CCC(C)C(=O)C1=C(O)C(CC=C(C)C)=C(O)C(CC=C(C)C)(CC=C(C)C)C1=O,5.464227
445,CC1CCC2=C1CC(C)(C)CC1CC21C,5.509547
446,O[C@H]1CC2=C(O)C=C(O)C=C2OC1C1=CC=C(O)C=C1,5.120484
447,NCCCCNC(N)=N,6.8107805
448,C[C@@]1(CCC2[C@@]3(C)CCC[C@](C)(CO)C3CC[C@@]2(O)C1)C=C,6.6947
449,C[C@@]1(CCC2C(C1)=CCC1[C@@](C)(CO)CCC[C@]21C)C=C,6.807445
450,C[C@@]1(C[C@@H](O)C2[C@@]3(C)CCC[C@](C)(CO)C3CC[C@@]2(O)C1)C=C,5.952511
451,CC(\N=C/C=C1\C[C@H](NC(=C1)C(O)=O)C(O)=O)C(O)=O,5.466963
452,C=CC[C@H]1NC[C@H]2C[C@H]1[C@H]1CC(=O)C=CN1C2,6.1289344
453,C\C(=C\CO)\C=C\C=C(/C)\C=C\C1=C(C)CCCC1(C)C,5.1874623
454,C=CCSS(=O)CC=C,5.19527
455,NC(CS(=O)CC=C)C(O)=O,5.187549
456,C=CCN=C=S,5.0663967
457,CSSCC=C,5.169554
458,CSCC=C,5.1772027
459,CS(=O)(=O)CC=C,5.0356774
460,CS(=O)CC=C,5.669848
461,OCc1cc(O)c2C(=O)c3c(O)cccc3C(=O)c2c1,6.9343386
462,CC(C)CCC[C@@H](C)CCC[C@@H](C)CCC[C@]1(C)CCC2=C(C)C(O)=C(C)C(C)=C2O1,6.9413967
463,[H]OC(=O)[C@]12CC[C@]([H])(C1C1=CCC3[C@@]4(C)C[C@@]([H])(O[H])[C@]([H])(O[H])C(C)(C)C4CC[C@@]3(C)[C@]1(C)CC2)C(C)=C,5.0602093
464,COC1=CC=C(\C=C\C)C=C1,5.166689
465,[H]C1=C([H])C2=C(O1)C([H])=C([H])C1=C2OC(=O)C([H])=C1[H],5.3630233
466,COC1=CC=C(C=C1)C(C)C(=O)C1=C(O)C=C(O)C=C1,6.2791815
467,COC1=CC(CC2COCC2CC2=CC(OC)=C(O)C=C2)=CC=C1O,5.1562448
468,OC(=O)\C=C\C1=C(O)C(O)=CC=C1,5.654923
469,COC1=CC=C(C=C1)C1=CC(=O)C2=C(O)C=C(OC)C=C2O1,5.5600944
470,OC1=CC=C(C=C1)C1=CC(=O)C2=C(O)C=C(O)C=C2O1,5.553411
471,OC[C@H]1O[C@@H](OC2=CC=C(O)C=C2)[C@H](O)[C@@H](O)[C@@H]1O,6.7381644
472,C\C=C(\C)C(=O)O[C@H]1C(OC2=CC=C3C=CC(=O)OC3=C12)C(C)(C)OC(=O)C(\C)=C/C,6.58248
473,COC1=CC=C(C[C@H]2COC(=O)[C@@H]2CC2=CC=C(O)C(OC)=C2)C=C1OC,5.153571
474,CN1CCC=C(C1)C(O)=O,5.1500254
475,COC(=O)C1=CCCN(C)C1,5.515144
476,CC1CCC2C1C1C(CCC2=C)C1(C)C,6.055092
477,CC(C)=CCC1=CC(\C=C\C(O)=O)=CC(CC=C(C)C)=C1O,6.0831904
478,[H][C@]12OC(=O)C(O)(CC3=CNC4=CC=CC=C34)[C@@]1(O)OC[C@@H]2O,6.40567
479,[H][C@]1(C\C(=C/C=N[C@@H](CC(N)=O)C(O)=O)C=C(N1)C(O)=O)C(O)=O,5.3442016
480,CC(C)C(N=C(O)C(N)CC(O)=N)C(O)=O,6.4059186
481,[H][C@]1(C\C(=C/C=N[C@@H](CC(O)=O)C(O)=O)C=C(N1)C(O)=O)C(O)=O,6.8750606
482,[H][C@]12C[C@@]3(CC[C@]4([H])[C@@H](C[C@H](C[C@@]4(C)[C@]3([H])CC1)OC1O[C@H](CO)[C@@H](O)[C@H](C)[C@H]1O)C(O)=O)[C@@H](O)C2=C,6.750282
483,[H][C@]12CC[C@@]34C[C@@H](CC[C@@]3([H])[C@]1(C)C[C@H](O)C[C@H]2C(O)=O)C(=C)[C@@H]4O,6.272927
484,OC(=O)C1=CC(O)=CC=C1NC(=O)\C=C\C1=CC(O)=C(O)C=C1,6.363561
485,COC1=C(O)C=CC(\C=C\C(=O)NC2=CC=C(O)C=C2C(O)=O)=C1,6.0888343
486,OC(=O)C1=CC(O)=CC=C1NC(=O)\C=C\C1=CC=C(O)C=C1,6.252114
487,OC(=O)C1=CC=C(O)C=C1NC(=O)\C=C\C1=CC(O)=C(O)C=C1,6.2416115
488,[H]C1=CC(C=C=CC(=O)NC2=C(C=C(O)C=C2)C(O)=O)=CCC1O,6.9026666
489,C\C=C(\CC[C@@H](C)C1CCC2C3CC=C4C[C@@H](O)CC[C@]4(C)C3CC[C@]12C)C(C)C,6.9031644
490,[H][C@@]12CC=C3C4CCC([C@H](C)CC\C(=C\C)C(C)C)[C@@]4(C)CCC3[C@@]1(C)CC[C@H](O)C2,6.2841845
491,COC1=C(O)C2=C(OC(=C(OC)C2=O)C2=CC(O)=C(O)C=C2)C=C1O,5.6479964
492,OC1=C(O)C(O)=C2C(=O)C=C(OC2=C1)C1=CC=CC=C1,6.9308343
493,CC1(C)C[C@H]2C3=CC[C@@H]4[C@@]5(C)CC[C@H](O)C(C)(C)[C@@H]5CC[C@@]4(C)[C@]3(C)C[C@@H](O)[C@@]2(CO)[C@@H](O)[C@@H]1O,4.967633
494,N#CCCC1=CC=CC=C1,5.0248313
495,OC(=O)C1=CC=CC=C1,6.1216063
496,O[C@@H]1[C@@H](O)[C@H](OC2=CC=CC(=C2)C(O)=O)O[C@@H]([C@H]1O)C(O)=O,5.3472743
497,OC(=O)C1=CC(OS(O)(=O)=O)=CC=C1,6.141844
498,OC1C(O)C(OC2=CC=C(C=C2)C(O)=O)OC(C1O)C(O)=O,5.646512
499,OC(=O)C1=CC=C(OS(O)(=O)=O)C=C1,5.101952
500,S=C=NCC1=CC=CC=C1,6.369916
501,CC(C)=CCC\C(C)=C/COC1=C2C=COC2=CC2=C1C=CC(=O)O2,5.191832
502,COC1=C2C=CC(=O)OC2=CC2=C1C=CO2,5.390473
503,OC1=C2C=CC(=O)OC2=CC2=C1C=CO2,5.382501
504,CC(=O)\C=C\C1=C(C)CCCC1(C)C,6.2351627
505,COC1=CC=CC=C1[C@@H]1CC(=O)C2=C(OC)C3=C(OCO3)C=C2O1,5.3104873
506,[H]OC(=O)[C@@H]1C\C(C=C(N1[H])C(=O)O[H])=C(\[H])C([H])=O,6.608856
507,OC(=O)[C@H]1C\C(=C\C=[N+]2\[C@H](CC3=C2C=C(O)C(O)=C3)C([O-])=O)C=C(N1)C(O)=O,5.112716
508,C[N+]1(C)C[C@H](O)C[C@H]1C([O-])=O,6.2823153
509,COC1=CC=C(C=C1)C1=C(O)C(=O)C2=C(O1)C=C(O)C(OC)=C2O,6.902599
510,[H][C@]12[C@@H](CC[C@]1(CO)CC[C@]1(C)[C@]2([H])CC[C@]2([H])[C@@]3(C)CC[C@H](O)C(C)(C)[C@]3([H])CC[C@@]12C)C(C)=C,6.9191785
511,CC(=C)[C@@H]1CC[C@@]2(CC[C@]3(C)C(CCC4[C@@]5(C)CC[C@H](O)C(C)(C)C5CC[C@@]34C)C12)C(O)=O,6.9261513
512,[H]OC(=O)C12CC[C@@]([H])(C(C)=C)[C@]1([H])[C@@]1([H])CC[C@]3([H])[C@@]4(C)CCC(=O)C(C)(C)[C@]4([H])CC[C@@]3(C)[C@]1(C)CC2,5.5698376
513,COC1=CC=C(C=C1)C1=COC2=CC(O)=CC(O)=C2C1=O,6.65879
514,[H][C@@]1(OC2=CC(O)=C3C(OC=C(C3=O)C3=CC=C(OC)C=C3)=C2)O[C@]([H])(C(O)=O)[C@@]([H])(O)[C@]([H])(O)[C@@]1([H])O,5.518419
515,CC(C)=CCCC(=C)C1CCC(C)=CC1,5.847467
516,OC1=CC=C(\C=C\C(=O)CC(=O)\C=C\C2=CC=C(O)C=C2)C=C1,6.1374545
517,N[C@@H](CCCCNC(=O)OCC1=CC=CC=C1)C(O)=O,6.5745397
518,COC(=O)\C=C\C(\C)=C/C=C/C(/C)=C/C=C/C=C(\C)/C=C/C=C(\C)/C=C/C(O)=O,5.536019
519,[H][C@@]12CCC(=C)[C@]1([H])[C@@]1([H])[C@@H](CC[C@@]21C)C(C)C,6.8943024
520,CC(C)[C@@H](C)\C=C\[C@@H](C)C1CCC2C3CC=C4C[C@@H](O)CC[C@]4(C)C3CC[C@]12C,5.681251
521,OC1=CC(O)=C(C=C1)C(=O)\C=C\C1=CC(O)=C(O)C=C1,5.7178864
522,OC1=CC2=C(C=C1)C(=O)CC(O2)C1=CC(O)=C(O)C=C1,4.977431
523,CCCCOC(C)=O,5.0449357
524,CCCCOC(=O)CCC,6.526447
525,COC1=C2C=COC2=C(OC[C@@H](O)C(C)(C)O)C2=C1C=CC(=O)O2,5.4539332
526,NCCCCCN,5.3902893
527,[H][C@@]12CC(C)=CC[C@@]1([H])C(C)=CC[C@H]2C(C)C,5.3759146
528,[H][C@@]12C=C(C)CCC1=C(C)CC[C@H]2C(C)C,5.395341
529,[H][C@]12CCC(C)=C[C@]1([H])[C@H](CCC2=C)C(C)C,5.5880747
530,CC(C)C1CCC(C)(O)C2CCC(C)=CC12,6.6959243
531,C[C@@]12CC(O)C3=C(C=CO3)C1CC[C@@]13C[C@H](CCC21)[C@@](O)(CO)C3,6.66054
532,C[C@@]12CCC3=C(C=CO3)[C@H]1CC[C@@]13C[C@H](CC[C@@H]21)[C@@](O)(CO)C3,5.459782
533,OC(=O)\C=C\C1=CC(OS(O)(=O)=O)=C(O)C=C1,5.1577344
534,CCOC(=O)\C=C\C1=CC(O)=C(O)C=C1,5.3250394
535,OCC(O)COC(=O)\C=C\C1=CC(O)=C(O)C=C1,5.1713595
536,OC(=O)\C=C\C1=CC(O)=C(O)C=C1,5.4232016
537,OC(=O)\C=C\C1=CC(O)=C(OS(O)(=O)=O)C=C1,5.3248577
538,CN1C=NC2=C1C(=O)N(C)C(=O)N2C,5.8430305
539,OC(=O)CC(NC(=O)\C=C\C1=CC=C(O)C=C1)C(O)=O,6.169536
540,O[C@@H]([C@H](OC(=O)\C=C\C1=CC(O)=C(O)C=C1)C(O)=O)C(O)=O,5.3248982
541,OC[C@@H](O)COC(=O)\C=C\C1=CC=C(O)C(O)=C1,5.096549
542,OC(=O)\C=C/C1=CC(=O)C(=O)C=C1,6.1698027
543,[H]\C(=C(\[H])C1=CC(O)=C(O)C=C1)C(=O)OC(C(O)C(O)=O)C(O)=O,5.3248415
544,CC(C)[C@@H]1CC[C@H](C)C2=CC=C(C)C=C12,5.6125607
545,COC1=C(O)C=C(C=C1)C1=COC2=C(C=CC(O)=C2)C1=O,5.2681947
546,O[C@@H]1CC2CCC(O)(N2)[C@@H]1O,5.3695254
547,O[C@H]1C2CC[C@](O)(N2)[C@H](O)[C@@H]1O,5.360082
548,[H][C@@]1(O)C[C@]2(O)N[C@@]1([H])C[C@@]([H])(O)[C@]2([H])O,6.9057612
549,CC(C)[C@H](C)CC[C@@H](C)C1CCC2C3CCC4C[C@@H](O)CC[C@]4(C)C3CC[C@]12C,6.9188666
550,[H][C@@]1(CC[C@@]2([H])[C@]3([H])CC=C4C[C@@H](O)CC[C@]4(C)[C@@]3([H])CC[C@]12C)[C@H](C)CC[C@@H](C)C(C)C,5.28534
551,CC1(C)C2CCC(C2)C1=C,5.3977213
552,CC1(C)C2CCC(C2)[C@@]1(O)CO,5.2897787
553,CC1(C)[C@H]2CC[C@@]1(C)C(=O)C2,6.34393
554,CC(C)=CCC1=C(O)C(C\C=C(/C)CO)=CC(\C=C\C(O)=O)=C1,6.6555285
555,COC1=C(O)C=CC(CNC(=O)CCCC\C=C\C(C)C)=C1,5.6769524
556,C[C@@H]1[C@H](O)C[C@@H](O)C2=CC[C@H](C[C@]12C)C(C)=C,5.3646245
557,C[C@]1(C2CCC(CC12)C(O)=O)C(O)=O,5.1445246
558,CC1CCC2C(C1)C2(C)C,6.371122
559,CCCCCC\C=C/CCCCCCCC1=CC(O)=CC=C1,5.1943355
560,CC1CCC2C(=C1)C2(C)C,6.7944055
561,CC(C)C1=C(O)C(O)=C2C(CC[C@H]3C(C)(C)CCC[C@]23C(O)=O)=C1,6.731456
562,CC(C)C1=CC2=C(C(O)=C1O)[C@@]13CCCC(C)(C)[C@@H]1C[C@@H]2OC3=O,6.7232175
563,C\C(C=O)=C/C=C/C(/C)=C/C=C/C=C(\C)/C=C/C=C(\C)/C=C/C1=C(C)CCCC1(C)C,5.182123
564,CC(C)C1=CC(O)=C(C)C=C1,6.601234
565,CC(=C)C1CC=C(C)C(C1)OC1OC(C(O)C(O)C1O)C(O)=O,5.2092614
566,CC(=C)C1CC=C(C)C(O)C1,5.2286563
567,CC(C)[C@]1(O)CCC(C)=CC1,5.199887
568,CC(=C)C1CC=C(C)C(=O)C1,5.2216973
569,CC1=CCC(CC1=O)C(=C)C(O)=O,5.4660263
570,[H][C@]12CC(C)(C)[C@]1([H])CC\C(C)=C\CCC2=C,5.930535
571,[H][C@]12CC(C)(C)[C@]1([H])CCC1(C)OC1CCC2(O)CO,5.01695
572,COC1=CC=CC=C1\C=C\C=O,5.0673423
573,OC1=C(O)C=CC=C1,5.4581428
574,OC1=C(OS(O)(=O)=O)C=CC=C1,5.622124
575,[H][C@@]12CC3(CCC1=C)[C@H](C)CC[C@@]3([H])C2(C)C,6.2038236
576,COC1=CC(OC)=C(\C=C\C(=O)C2=C(OC)C=C(O)C=C2O)C=C1,6.2632613
577,COC1=CC(OC)=C(C=C1)C1CC(=O)C2=C(OC)C=C(O)C=C2O1,5.311024
578,CCC1=CC=C(C)C2=CC=C(C)C2=C1,5.0448384
579,OS(=O)(=O)OC1=CC=C(CC=C)C=C1,4.9864826
580,OC1=CC=C(CC=C)C=C1,5.4326444
581,COC1=CC(OC)=C2C(=O)C=C(OC2=C1)C1=CC=CC=C1,5.577475
582,OC1=CC(O)=C2C(=O)C=C(OC2=C1)C1=CC=CC=C1,5.7420697
583,COC1=C(O)C=CC(=C1)C1=CC(=O)C2=C(O)C=C(O)C=C2O1,5.653437
584,Cc1cc(O)c2C(=O)c3c(O)cccc3C(=O)c2c1,6.581794
585,COC1=C(O)C=CC(=C1)C1=C(OC)C(=O)C2=C(O)C(OC)=C(OC)C=C2O1,5.232269
586,CC12CCC(CC1)C(C)(C)O2,4.973367
587,O=C\C=C\C1=CC=CC=C1,4.9470673
588,OC(=O)\C=C\C1=CC=CC=C1,6.1373024
589,OC[C@@H]1O[C@H](O)[C@@H](OC(=O)\C=C\C2=CC=CC=C2)[C@H](O)[C@H]1O,5.0451674
590,CC(=O)OCC=CC1=CC=CC=C1,6.2411423
591,COC1=CC2=C(C(=O)C=C(O2)C2=CC(O)=C(O)C=C2)C(O)=C1OC,6.018302
592,COC1=C(OC)C(O)=C2C(=O)C=C(OC2=C1)C1=CC=C(O)C=C1,5.8895903
593,CC(C)CC(=O)C1=C(O)[C@H](O)C(CC=C(C)C)C1=O,6.784512
594,CC(C)CC(=O)C1=C(O)[C@@](O)([C@@H](CC=C(C)C)C1=O)C(=O)CC=C(C)C,5.7940183
595,OC1=CC=C(\C=C/C2=CC(OS(O)(=O)=O)=CC(O)=C2)C=C1,5.7145615
596,OC1=CC(\C=C/C2=CC=C(OS(O)(=O)=O)C=C2)=CC(O)=C1,5.2798924
597,CC1CC(C)C2CC1C2(C)C,5.056095
598,CC(C)=CCC\C(C)=C\C=O,5.076495
599,CC(CCC=C(C)C)CC=O,5.0813336
600,CC(CCO)CCC=C(C)C,5.3404546
601,CC(CCOC(C)=O)CCC=C(C)C,6.916284
602,[H][C@@]12CC=C3C4CCC([C@H](C)CC\C(=C\C)C(C)C)[C@@]4(C)CCC3[C@@]1(C)CC[C@H](O)[C@H]2C,5.3514514
603,NC(CCCNC(N)=O)C(O)=O,6.909361
604,CC[C@@H](CC[C@@H](C)C1CCC2C3CC=C4CC(O)CC[C@]4(C)C3CC[C@]12C)C(C)=C,6.7082953
605,CC(C)C(=O)C1=C(O)C(CC=C(C)C)=C(O)C(O)(CC=C(C)C)C1=O,6.943891
606,[H][C@@]12CC[C@]3(C)[C@]([H])(CC[C@]4([H])[C@@]5([H])[C@@H](CC[C@@]5(CC[C@@]34C)C(O)=O)C(C)=C)[C@@]1(C)[C@H](C=O)[C@@H](O)C2(C)C,6.6941557
607,CC(C)C(=O)C1=C(O)C(CC=C(C)C)=C(O)C(CC=C(C)C)(CC=C(C)C)C1=O,6.481166
608,COC1=CC2=C(C=C1O)[C@H]([C@@H]1COC(=O)[C@@H]1C2)C1=CC=C(O)C(OC)=C1,5.556778
609,[H][C@@]12C3C(C)=CC[C@]1([H])[C@]3(C)CC[C@H]2C(C)C,4.9756007
610,OC(=O)\C=C\C1=CC(O)=CC=C1,5.0049815
611,OC(=O)\C=C\C1=C(O)C=CC=C1,5.030925
612,OC(=O)\C=C\C1=CC=C(O)C=C1,5.0703325
613,[H]\C(=C(\[H])C1=CC=C(O)C=C1)C(=O)OCC,6.3271565
614,O[C@H]1[C@H](OC2=CC(\C=C\C(O)=O)=CC=C2)O[C@@H]([C@@H](O)[C@H]1O)C(O)=O,6.3128
615,OC[C@H]1O[C@@H](OC2=CC=C(\C=C\C(O)=O)C=C2)[C@H](O)[C@@H](O)[C@@H]1O,6.327163
616,O[C@H]1[C@H](OC2=CC=C(\C=C\C(O)=O)C=C2)O[C@@H]([C@@H](O)[C@H]1O)C(O)=O,5.1953816
617,OC(=O)\C=C\C1=CC=C(OS(O)(=O)=O)C=C1,4.961793
618,O=C1OC2=CC=CC=C2C=C1,6.2522626
619,OC[C@@H]1O[C@H](OC(=O)\C=C\C2=CC=C(O)C=C2)[C@@H](O)[C@H](O)[C@H]1O,5.1940084
620,OC(=O)COC(=O)\C=C\C1=CC=C(O)C=C1,5.7335854
621,OC(=O)CC(OC(=O)\C=C\C1=CC=C(O)C=C1)C(O)=O,6.389608
622,O[C@@H]1C[C@](O)(C[C@@H](OC(=O)\C=C\C2=CC=CC(O)=C2)[C@@H]1O)C(O)=O,6.082976
623,[H]\C(=C(\[H])C1=CC=C(O)C=C1)C(=O)OC(C(O)C(O)=O)C(O)=O,6.4300413
624,OC(=O)C(CC1=CC=C(O)C=C1)NC(=O)\C=C\C1=CC=C(O)C=C1,6.3986278
625,O[C@H]1CC(O)(C[C@H](O)C1OC(=O)\C=C\C1=CC=C(O)C=C1)C(O)=O,5.5938544
626,OC1=CC2=C(C=C1)C1=C(O2)C2=C(OC1=O)C=C(O)C=C2,5.7999415
627,C\C(\C=C\C=C(/C)C(O)=O)=C/C=C/C=C(\C)/C=C/C=C(\C)C(O)=O,5.5221086
628,CC(C)[C@@H]1CC[C@@H](C)[C@@]23CC=C(C)C2C13,5.2231917
629,N[C@@]1(CCNC1)C(O)=O,5.1055126
630,CC(CO)C1=CC=C(C=C1)C(O)=O,5.2073765
631,CC(C(O)=O)C1=CC=C(C=C1)C(O)=O,5.039481
632,CC(C)C1=CC=C(CO)C=C1,5.0589767
633,[H]C(=O)C1=CC=C(C=C1)C(C)C,5.443916
634,CC(CCC=C(C)C)C1=CC=C(C)C=C1,6.751368
635,COC1=C(O)C=CC(\C=C\C(\O)=C\C(=O)\C=C\C2=CC(OC)=C(OS(O)(=O)=O)C=C2)=C1,6.453307
636,COC1=CC(\C=C\C(=O)CC(=O)\C=C\C2=CC(OC)=C(O)C=C2)=CC=C1O,5.681253
637,OC1=CC(O)=C2C=C(O)C(=[O+]C2=C1)C1=CC(O)=C(O)C=C1,5.3435254
638,[H][C@](C)(CC)[C@]1([H])N=C(O)[C@]2([H])CCCN2C1=O,5.3098893
639,CCCC1NC(=O)C2CCCN2C1=O,5.3007913
640,CC(C)CC1NC(=O)C2CCCN2C1=O,5.358898
641,O=C1NC(CC2=CC=CC=C2)C(=O)N2CCCC12,5.361697
642,CC(C)C1NC(=O)C2CCCN2C1=O,5.296994
643,[H][C@@]1(CO)N=C(O)[C@]([H])(CC2=CC=C(O)C=C2)N=C1O,6.916364
644,[H][C@@]1(CC[C@@]2(C)C3CC[C@]4([H])[C@]5(C[C@@]35CC[C@]12C)CC[C@H](O)C4(C)C)[C@H](C)CCC=C(C)C,6.380401
645,CC1(C)OC2=CC(O)=C3C(=O)C(COC3=C2C=C1)C1=CC=C(O)C=C1O,6.4933867
646,COC1=C(O)C=C2[C@@H]([C@@H](CO)[C@H](CO)CC2=C1)C1=CC(OC)=C(O)C=C1,5.205716
647,CC1=CC=CC(=C1)C(C)(C)O,5.172398
648,CC1=CC=C(C=C1)C(C)(C)O,5.0916486
649,CC(CO)C1=CC=C(C)C=C1,5.139896
650,CC(C)C1=CC=C(C)C=C1,6.655432
651,[H][C@@]12C[C@H](O)C(=C)[C@]1([H])[C@@]1([H])OC(=O)C(=C)[C@]1([H])[C@H](CC2=C)OC(=O)C(=C)CO,6.647139
652,O[C@@H]1[C@@H](O)[C@H](OC2=CC=C(C=C2)C2=COC3=CC(O)=CC=C3C2=O)O[C@@H]([C@H]1O)C(O)=O,6.0974283
653,OC1=CC2=C(C=C1)C(=O)C(=CO2)C1=CC=C(OS(O)(=O)=O)C=C1,6.656941
654,O[C@@H]1[C@@H](O)[C@H](OC2=CC=C3C(OC=C(C3=O)C3=CC=C(O)C=C3)=C2)O[C@@H]([C@H]1O)C(O)=O,6.1571136
655,OC1=CC=C(C=C1)C1=COC2=C(C=CC(OS(O)(=O)=O)=C2)C1=O,5.5871325
656,OC1=CC=C(C=C1)C1=COC2=C(C=CC(O)=C2)C1=O,6.649936
657,OC[C@H]1O[C@@H](OC2=CC3=C(C=C2)C(=O)C(=CO3)C2=CC=C(O)C=C2)[C@H](O)[C@@H](O)[C@@H]1O,5.412493
658,C\C=C\C(=O)C1=C(C)C=CCC1(C)C,5.089106
659,COc1cc(cc(OC)c1O)C(=O)CO,6.5074606
660,CC12CCC3=C(C=CO3)C1CCC13CC(CCC21)C(CO)=C3,6.6003337
661,OCC(=C)C(=O)OC1CC(=C)C2CC(=O)C(=C)C2C2OC(=O)C(=C)C12,6.388509
662,CC12C=CC3=C(C=CO3)C1CCC13CC(CCC21)C(CO)=C3,6.389608
663,O[C@H]1C[C@@](O)(C[C@H](OC(=O)\C=C\C2=CC=CC(O)=C2)[C@H]1O)C(O)=O,6.908014
664,CCC(CC[C@@H](C)C1CCC2C3CC=C4C[C@@H](O)CC[C@]4(C)C3CC[C@]12C)=C(C)C,6.384038
665,COC1=CC(\C=C\C(=O)CC(=O)\C=C\C2=CC=C(O)C=C2)=CC=C1O,5.561344
666,CC1=C2[C@@H]([C@H]3OC(=O)C(=C)[C@@H]3CC1)C(CO)=CC2=O,6.5910583
667,COC1=CC=C(\C=C\C2=CC(O)=CC(OC3OC(CO)C(O)C(O)C3O)=C2)C=C1,6.384114
668,CC(C)=CCC1=C(O)C=C(O)C(C(=O)\C=C\C2=CC=C(O)C=C2)=C1O,5.0490417
669,C=CCSSCC=C,5.4097486
670,C=CCSCC=C,5.0870547
671,C=CCSSSSCC=C,5.491276
672,C=CCSSSCC=C,6.2513113
673,OCC1OC(OC2OC3=CC=CC=C3N(O)C2=O)C(O)C(O)C1O,5.9816165
674,OC1=CC=C(CCC2=CC(O)=CC(OS(O)(=O)=O)=C2)C=C1,6.3635316
675,OC1=CC=C(CCC2=CC(OS(O)(=O)=O)=CC(OS(O)(=O)=O)=C2)C=C1,6.381287
676,[H]N(C(=O)CCC1=CC(OC)=C(O)C=C1)C1=CC=CC=C1C(O)=O,5.4222617
677,OC(=O)CCC1=CC(OS(O)(=O)=O)=C(O)C=C1,5.4045424
678,OC(=O)CCC1=CC(O)=C(OS(O)(=O)=O)C=C1,5.412429
679,CC[C@@H](C)COC(=O)CCC1=CC=C(O)C(O)=C1,6.73018
680,COC1=C(O)C=CC(CNC(=O)CCCCCCC(C)C)=C1,6.654245
681,CC1CCC(CC1OC1C(O)OC(C(O)C1O)C(O)=O)C(C)=C,5.1718693
682,CC1CCC(CC1O)C(C)=C,5.2236147
683,CC(C1CC=C(C)C(=O)C1)C(O)=O,6.7558494
684,COC1=CC(\C=C\C(=O)\C=C(/O)CCC2=CC(OC)=C(O)C=C2)=CC=C1OS(O)(=O)=O,6.5945835
685,COC1=CC(\C=C\C(=O)\C=C(/O)CCC2=CC(OC)=C(C)C=C2)=CC=C1O,6.642134
686,O[C@@H]1[C@@H](O)[C@H](OC2=CC=C3C(=O)C(COC3=C2)C2=CC=C(O)C=C2)O[C@@H]([C@H]1O)C(O)=O,5.504951
687,OC1=CC=C(C=C1)C1COC2=C(C=CC(O)=C2)C1=O,5.097657
688,COC1=C(OC)C=C(CCC(O)=O)C=C1,5.094051
689,COC1=CC(CCC(O)=O)=CC=C1O,6.5583754
690,COC1=C(O[C@@H]2O[C@@H]([C@@H](O)[C@H](O)[C@H]2O)C(O)=O)C=CC(CCC(O)=O)=C1,5.480332
691,COC1=C(OS(O)(=O)=O)C=CC(CCC(O)=O)=C1,5.4445853
692,COC1=CC=C(C=C1)C1COC2=C(C=CC(O)=C2)C1=O,5.5878606
693,OC1=CC=C(C=C1)C1COC2=CC(O)=CC(O)=C2C1=O,6.5757966
694,CC1=C(OC2OC(C(O)C(O)C2O)C(O)=O)C=C(CCC(O)=O)C=C1,5.4726653
695,COC1=C(OS(O)(=O)=O)C=C(CCC(O)=O)C=C1,5.111219
696,CCC(C)(O)CCC=C(C)C,5.097792
697,CC(=C)[C@H]1CC[C@@H](CC1)C(O)=O,5.097792
698,CC(=C)[C@H]1CC[C@H](CC1)C(O)=O,6.6385703
699,CC(=C)[C@H]1CC[C@@H](CC1)C(=O)OC1OC(O)C(O)C(O)C1C(O)=O,6.6770444
700,CC(=C)[C@H]1CC[C@H](CC1)C(=O)OC1OC(C(O)C(O)C1O)C(O)=O,5.2374883
701,COC(=O)C1CCC(CC1)C(C)=C,5.91719
702,OC1[C@H](OC2=CC(O)=CC(O)=C2C1=O)C1=CC(O)=C(O)C=C1,5.538094
703,C[C@@H](CO)CCNC1=NC=NC2=C1N=CN2,5.152456
704,COC1=C(OC)C(CC=C)=CC2=C1OCO2,6.3583083
705,COC1=CC2=C(C=C1)N(O)C(=O)C(OC1OC(CO)C(O)C(O)C1O)O2,5.0710073
706,CSSSSC,5.465487
707,CSSSC,5.157098
708,CN(C)CC(O)=O,6.6274714
709,COC1=C(OC)C=C(C[C@H]2COC(=O)[C@@H]2CC2=CC(OC)=C(OC)C=C2)C=C1,5.7943063
710,COC1=C(O)C=C(C=C1)C1=CC(=O)C2=C(O1)C=C(O)C=C2O,4.969998
711,CCCSSCCC,5.526867
712,CCCSSSCCC,6.5764003
713,CC\C=C/C\C=C/C\C=C\C\C=C/C\C=C/C\C=C/CCC(O)=O,5.415217
714,NCCC1=CC(OS(O)(=O)=O)=C(O)C=C1,5.4155793
715,NCCC1=CC=C(OS(O)(=O)=O)C(O)=C1,5.1401744
716,NCCC1=CC(O)=C(O)C=C1,6.5078855
717,OC(=O)C1C\C(=C/C=N\CCC2=CC=C(O)C(O)=C2)C=C(N1)C(O)=O,5.177056
718,CC(C)=CCC1=C(O)C=CC(\C=C\C(O)=O)=C1,5.33865
719,CSS\C=C\CS(=O)CC=C,5.4991617
720,C=CCSS\C=C\CS(=O)CC=C,5.448284
721,CC(C)=C1CC[C@@](C)(C=C)[C@@H](C1)C(C)=C,5.167063
722,COC1=CC(CC=C)=CC(OC)=C1OC,5.791956
723,OC1=CC2=C3C(OC(=O)C4=CC(O)=C(O)C(OC2=O)=C34)=C1O,5.682348
724,Cc1cc(O)c2C(=O)c3c(O)cc(O)cc3C(=O)c2c1,5.6276546
725,OC[C@H](CC1=CC(O)=CC=C1)[C@H](CO)CC1=CC(O)=CC=C1,6.021322
726,OC1=CC=CC(C[C@@H]2COC(=O)[C@H]2CC2=CC(O)=CC=C2)=C1,6.745778
727,CC(C)C1=C(O)C(O)=C2C(=C1)[C@H]1OC(=O)[C@@]22CCCC(C)(C)[C@@H]2[C@@H]1O,6.731322
728,CC(C)C1=CC2=C(C(O)=C1O)C13CCCC(C)(C)C1C(OC3=O)C2O,5.3991313
729,OC1=CC=C(C=C1)[C@H]1COC2=CC(O)=CC=C2C1,6.876641
730,CC(C)[C@@H](C)\C=C\[C@@H](C)C1CCC2C3=CC=C4C[C@@H](O)CC[C@]4(C)C3CC[C@]12C,5.4099116
731,C[N+](C)(C)[C@@H](CC1=CNC(=S)N1)C([O-])=O,5.8070755
732,OC1=CC(O)=C2C(=O)C[C@H](OC2=C1)C1=CC=C(O)C(O)=C1,6.9039307
733,[H][C@@]12CC(C)(C)CC[C@]1(CO)CC[C@]1(C)C2=CC[C@]2([H])[C@@]3(C)CC[C@H](O)C(C)(C)[C@]3([H])CC[C@@]12C,5.165576
734,OC1=C(O)C=C2C=CC(=O)OC2=C1,6.280843
735,OC[C@H]1O[C@@H](OC2=C(O)C=C3OC(=O)C=CC3=C2)[C@H](O)[C@@H](O)[C@@H]1O,5.044416
736,COC1=CC=C(CC=C)C=C1,5.412332
737,[H][C@]1(C\C(=C/C=N/CCO)C=C(N1)C(O)=O)C(O)=O,5.2806983
738,CCSSC(CC)SCC,5.164993
739,COC1=C(OS(O)(=O)=O)C=CC(CC=C)=C1,5.0508184
740,COC1=CC(CC=C)=CC=C1O,6.326968
741,COC1=CC=C(C=C1OC)C1=CC(=O)C2=C(O1)C=C(O)C(OC)=C2O,5.178021
742,OC[C@H]1NCC[C@@H](O)[C@@H]1O,6.4876475
743,CCCCCCC\C=C\C(O)C#CC#CC(OC(C)=O)C=C,6.0362735
744,CCCCCCC\C=C/C(OC)C#CC#C[C@H](O)C=C,5.8161874
745,CCCCCCC\C=C/[C@H](O)C#CC#C[C@H](O)C=C,6.06615
746,CCCCC\C=C/[C@H](O)C=CC=C[C@H](OC(C)=O)C=C,5.678332
747,CCCCCCC\C=C/CC#CC#C[C@H](O)C=C,5.714532
748,CCCCCCC\C=C/C(O)C#CC#CC(=O)C=C,5.5888515
749,CCCCCCC\C=C/CC#CC#CC(=O)C=C,5.3170667
750,CC(C)=CCCC(C)=CCCC(C)=CC=O,5.3906226
751,[H]C(CC([H])=C(C)C=C)=C(C)CCC=C(C)C,5.3892827
752,[H]C(CCC(=C)C=C)=C(C)CCC=C(C)C,5.333504
753,CC(C)=CCCC(C)=CCCC(C)=CC(O)=O,6.749554
754,CC(C)=CCC\C(C)=C\CC\C(C)=C\COC1OC(C(O)C(O)C1O)C(O)=O,5.4193625
755,CC(C)=CCCC(C)=CCCC(C)=CCO,6.3849916
756,CC(C)=CCC\C(C)=C/CC\C(C)=C/COP(O)(O)=O,6.7637696
757,[H]\C(CC\C(C)=C(/[H])COP(O)(=O)OP(O)(O)=O)=C(\C)CCC=C(C)C,5.3008704
758,C\C=C/C1=CC=C(OCC=C(C)C)C=C1,4.9881215
759,COC1=C(O)C=CC(\C=C\C=O)=C1,5.0806994
760,COC1=C(O)C=CC(\C=C\C(O)=O)=C1,5.412208
761,COC1=C(OS(O)(=O)=O)C=C(\C=C\C(O)=O)C=C1,6.435291
762,[H]\C(=C(\[H])C1=CC(O[C@@H]2O[C@@H]([C@@H](O)[C@H](O)[C@H]2O)C(O)=O)=C(OC)C=C1)C(O)=O,6.4935403
763,COC1=C(O[C@H]2O[C@@H](CO)[C@H](O)[C@@H](O)[C@@H]2O)C=CC(\C=C\C(O)=O)=C1,6.4449944
764,[H]\C(=C(\[H])C1=CC(OC)=C(O[C@H]2O[C@H]([C@H](O)[C@H](O)[C@@H]2O)C(O)=O)C=C1)C(O)=O,5.375414
765,COC1=C(OS(O)(=O)=O)C=CC(\C=C\C(O)=O)=C1,6.3460155
766,COC1=CC(\C=C\C(O)=O)=CC(=C1O)C1=C(O)C(O)=CC(\C=C\C(O)=O)=C1,6.5226464
767,COC1=CC(CCC(O)=O)=CC(=C1O)C1=C(O)C(OC)=CC(\C=C\C(O)=O)=C1,6.3818383
768,COC1=C(O)C=CC(\C=C\C(=O)O[C@H]2C(O)O[C@H](CO)[C@@H](O)[C@@H]2O)=C1,6.340251
769,COC1=C(O)C=CC(\C=C\C(=O)O[C@@H]([C@H](O)C(O)=O)C(O)=O)=C1,5.196495
770,COC1=CC(\C=C\C(=O)NCC(O)=O)=CC=C1O,6.4787707
771,COC1=C(O)C=CC(C=CC(=O)OC(=O)C2(O)CC(O)C(O)C(O)C2)=C1,5.801097
772,OC1=CC=C2C(OC(=C(O)C2=O)C2=CC(O)=C(O)C=C2)=C1,6.7113824
773,COC1=CC=C(C=C1)C1COC2=C(C(O)=CC(O[C@@H]3C[C@@H]([C@@H](O)[C@H](O)[C@H]3O)C(O)=O)=C2)C1=O,5.4872546
774,COC1=CC=C(C=C1)C1=COC2=C(C=CC(O)=C2)C1=O,6.0827317
775,CC1OC(C)=C(O[C@@H]2O[C@@H]([C@@H](O)[C@H](O)[C@H]2O)C(O)=O)C1=O,5.274194
776,CC1OC(C)=C(O)C1=O,5.114279
777,SCC1=CC=CO1,5.9884114
778,COC1=CC(OC)=C2C(=O)C(OC)=C(OC2=C1)C1=CC=CC=C1,5.6590967
779,OC1=CC(O)=C2C(OC(=C(O)C2=O)C2=CC=CC=C2)=C1,5.2601886
780,CCOC(=O)C1=CC(O)=C(O)C(O)=C1,5.3893723
781,OC(=O)C1=CC(O)=C(O)C(O)=C1,5.1172433
782,OC1=CC(C=O)=CC(O)=C1O,5.7934976
783,[H]N([H])[C@@H](CCC(=O)N([H])[C@@H](CSCC=C)C(O)=O)C(O)=O,6.9276333
784,CC(C)CCC[C@@H](C)CCC[C@@H](C)CCC[C@]1(C)CCC2=CC(O)=C(C)C(C)=C2O1,5.626659
785,O[C@@H]1C(OC2=C(C=CC(O)=C2)C1=O)C1=CC=C(O)C=C1,6.5005236
786,COC1=CC=C(C=C1)C1=CC(=O)C2=C(O1)C(OC)=C(OC)C(OC)=C2O,6.1169667
787,OC1=CC(O)=C2C(=O)C(=COC2=C1)C1=CC=C(OS(O)(=O)=O)C=C1,6.2008376
788,OC1=CC=C(C=C1)C1=COC2=CC(OS(O)(=O)=O)=CC(O)=C2C1=O,5.6262016
789,OC1=CC=C(C=C1)C1=COC2=CC(O)=CC(O)=C2C1=O,6.3367
790,OC1=CC(OS(O)(=O)=O)=CC2=C1C(=O)C(=CO2)C1=CC=C(OS(O)(=O)=O)C=C1,5.1993947
791,C=CC1=C2CCOC(=O)C2=CN=C1,6.4559155
792,[H][C@@]1(O[C@@H]2OC=C3C(=O)OCC=C3[C@H]2C=C)O[C@H](CO)[C@@H](O)[C@H](O)[C@H]1O,5.192675
793,OC(=O)C1=C(O)C=CC(O)=C1,5.673519
794,COC1=CC(O)=C2C(=O)C3=CC(O)=CC=C3OC2=C1,5.094868
795,OCC1=CC(O)=CC=C1O,5.6552033
796,COC1=C(O)C=CC(=C1)C1=CC(=O)C2=C(O1)C=C(O)C=C2,5.1167293
797,CC(C)=CCC\C(C)=C\C(O)=O,5.0392165
798,CC(C)=CCC\C(C)=C\CO,5.209812
799,COC(=O)\C=C(/C)CCC=C(C)C,5.3058248
800,CC(C)=CCC\C(C)=C\COC(C)=O,5.3747945
801,CC(C)=CCC\C(C)=C\CCC(C)=O,5.4197407
802,CC(C)C1CC\C(C)=C\CCC(=C)\C=C\1,6.407065
803,CCCCC\C(O)=C\C(=O)CCC1=CC(OC)=C(O)C=C1,6.532188
804,COC1=CC(CCC(=O)\C=C\CCC2=CC(OC)=C(O)C=C2)=CC=C1O,6.5148892
805,CCCCC[C@H](O)CC(=O)CCC1=CC=C(O)C(OC)=C1,6.316169
806,CC(C)=CCC1=C2OC(CC(=O)C2=C(O)C=C1O)C1=CC=CC=C1,6.2369084
807,CC1(C)OC2=C(C=C1)C1=C(C[C@@H](CO1)C1=C(O)C=C(O)C=C1)C=C2,6.4894266
808,CC(C)=CCC1=C2OC(C(O)C(=O)C2=C(O)C=C1O)C1=CC=CC=C1,6.461555
809,OC(=O)CC[C@H](N\C=C\C1=CC(=N[C@@H](C1)C(O)=O)C(O)=O)C(O)=O,6.470507
810,NC(=O)CC[C@H](\N=C/C=C1\C[C@H](NC(=C1)C(O)=O)C(O)=O)C(O)=O,5.1736565
811,NCC(O)=O,5.6369147
812,OC(=O)C\N=C/C=C1\C[C@H](NC(=C1)C(O)=O)C(O)=O,5.5071006
813,[H][C@@]12OC3=C(C=CC(O)=C3)[C@]1(O)COC1=C2C=CC(O)=C1,5.6595473
814,COC1=C(O)C=C2OC=C(C(=O)C2=C1)C1=CC=C(O)C=C1,6.6812615
815,COC1=C(OC2OC(CO)C(O)C(O)C2O)C=C2OC=C(C(=O)C2=C1)C1=CC=C(O)C=C1,6.923617
816,CC1(C)[C@@H](O)CC[C@@]2(C)C1CC[C@]1(C)C2C(=O)C=C2C3C[C@](C)(CC[C@]3(C)CC[C@@]12C)C(O)=O,6.601909
817,OC1=CC=C(\C=C\C2=CC(O)=C3[C@@H]([C@H](OC3=C2)C2=CC=C(O)C=C2)C2=CC(O)=CC(O)=C2)C=C1,6.6833305
818,COC1=CC(=CC(O)=C1)C1OC2=CC(C=CC3=CC=C(O)C=C3)=CC(O)=C2C1C1=CC(O)=CC(O)=C1,6.63685
819,COC1=C(OC)C(OC)=C2C(C[C@@H](C)[C@@H](C)CC3=CC4=C(OCO4)C(OC)=C23)=C1,5.2810416
820,CN(C)CC1=CNC2=CC=CC=C12,5.0926557
821,COC1=C(O)C=CC=C1,6.366653
822,COC1CCCCC1OC1OC(C(O)C(O)C1O)C(O)=O,5.35137
823,COC1CCCCC1S(O)(O)O,5.4277663
824,C[C@H]1CCC2=C1C[C@@H](CC[C@@H]2C)C(C)=C,5.473414
825,C[C@@H]1CC[C@@H]2[C@H](C3=C(C)CC[C@H]13)C2(C)C,5.5069766
826,C[C@@H]1CC[C@@H]2[C@H]([C@H]3[C@@H]1CCC3=C)C2(C)C,5.399027
827,CC1CC[C@@H]2[C@H](C)CC[C@H](C=C12)C(C)=C,5.1557617
828,OC(=O)C1=CCCNC1,5.3325257
829,CC1=C2NC3=CC=CC=C3C2=CC=N1,5.2844696
830,COC1=CC=C2C(NC3=C2C=CN=C3C)=C1,6.207503
831,OCC1OC(OC2OC3=CC=CC=C3N=C2O)C(O)C(O)C1O,6.473925
832,CON1C(=O)C(OC2OC(CO)C(O)C(O)C2O)OC2=C1C=CC(OC)=C2,6.7636814
833,C\C=C(\C)C(=O)O[C@@H]1C[C@@]2(C)O[C@@H]2C[C@H](O)\C(C)=C/[C@H]2OC(=O)C(=C)[C@H]12,5.925905
834,OC1=CC=C(C=C1)C1=C(O)C(=O)C2=C(O1)C(O)=C(O)C=C2O,4.9632673
835,COC1=CC2=C(C=CC(=O)O2)C=C1,5.6208777
836,COC1=C(OC)C=C(C=C1)C(=O)OCC[N+](C)(C)C,5.8892007
837,COC1=C(O)C=C(C=C1)C1CC(=O)C2=C(O)C=C(O)C=C2O1,6.560522
838,CC1=CC=C(C=C1OS(O)(=O)=O)C1CC(=O)C2=C(OS(O)(=O)=O)C=C(O)C=C2O1,6.5003014
839,COC1=CC=C(C=C1OS(O)(=O)=O)C1CC(=O)C2=C(O1)C=C(O)C=C2O,6.5339766
840,CC1=CC=C(C=C1OS(O)(=O)=O)C1CC(=O)C2=C(O)C=C(OS(O)(=O)=O)C=C2O1,6.5502534
841,CC1=CC=C(C=C1O)C1CC(=O)C2=C(OS(O)(=O)=O)C=C(OS(O)(=O)=O)C=C2O1,6.4622526
842,CC1=CC=C(C=C1O)C1CC(=O)C2=C(OS(O)(=O)=O)C=C(O)C=C2O1,6.5215797
843,COC1=CC=C(C=C1O)C1CC(=O)C2=C(O1)C=C(OS(O)(=O)=O)C=C2O,5.179978
844,OC(=O)CNC(=O)C1CCCCC1,6.7627153
845,COC1=C(O)C=CC(CCC(O)CC(=O)CCC2=CC(OC)=C(OS(O)(=O)=O)C=C2)=C1,6.6197915
846,COC1=CC(CCC(O)CC(=O)CCC2=CC(OC)=C(O)C=C2)=CC=C1O,5.0628796
847,CCCCCC=O,5.0679927
848,C\C(CC\C=C(/C)C(O)=O)=C/C(O)=O,5.458016
849,CC1=CC2C(CC1)C(=C)CCCC2(C)C,5.4334836
850,CC1=CC2C(CC1)C(C)=CCCC2(C)C,5.081159
851,OC(=O)CNC(=O)C1=CC=CC=C1,5.5940666
852,OC(=O)CNC(=O)C1=CC=CC(OS(O)(=O)=O)=C1,5.718078
853,OC(=O)CNC(=O)C1=CC=C(OS(O)(=O)=O)C=C1,6.672516
854,CC(C)=CCC1=C(O)C(=CC=C1O)[C@@H]1COC2=C(C1)C=CC1=C2C=CC(C)(C)O1,5.7403207
855,COC1=C(O)C2=C(OC(=CC2=O)C2=CC=C(O)C=C2)C=C1O,5.127156
856,NCCC1=CNC=N1,6.418958
857,[H][C@]1(C\C(=C/C=N\CCC2=CN=CN2)C=C(N1)C(O)=O)C(O)=O,6.4608874
858,[H][C@]1(C\C(=C/C=N\C(CC2=CNC=N2)C(O)=O)C=C(N1)C(O)=O)C(O)=O,6.3687425
859,COC1=CC2=C(C=C1)N=C(O)C(OC1OC(CO)C(O)C(O)C1O)O2,6.7617316
860,COC1=CC(CNC(=O)CCCCC\C=C\C(C)C)=CC=C1O,5.839934
861,COC1=C(O)C=CC(=C1)C1CC(=O)C2=C(O)C=C(O)C=C2O1,6.6746707
862,CC[C@H]1O[C@@H](OC2=C(OC)C(O)=C3C(=O)C=C(OC3=C2)C2=CC=C(O)C=C2)[C@H](O)[C@@H](O)[C@@H]1O,6.435613
863,[H][C@@]1(OC2=C(OC)C=C(CC(O)=O)C=C2)O[C@]([H])(C(O)=O)[C@@]([H])(O)[C@]([H])(O)[C@@]1([H])O,5.2223454
864,COC1=C(OS(O)(=O)=O)C=CC(CC(O)=O)=C1,5.0469027
865,COC1=C(O)C=CC(CCO)=C1,6.404612
866,[H][C@@]1(OC2=C(OC)C=C(CCO)C=C2)O[C@]([H])(C(O)=O)[C@@]([H])(O)[C@]([H])(O)[C@@]1([H])O,5.0429406
867,COC1=CC=C(CC(O)=O)C=C1OC,5.26828
868,CN(C)CCC1=CC=C(O)C=C1,5.1101923
869,[H]\C(CC(C)(O)C=C)=C(\[H])C(C)=C,5.4105854
870,C\C1=C/CC(C)(C)\C=C\C\C(C)=C\CC1,6.710864
871,CC(C)CC(=O)C1=C(O)C(CC=C(C)C)=C(O)[C@](O)(CC=C(C)C)C1=O,5.8451447
872,O[C@@H]1[C@@H](O)[C@H](OC2=CC=C(O)C=C2)O[C@@H]([C@H]1O)C(O)=O,5.1137214
873,OC1=CC=C(OS(O)(=O)=O)C=C1,4.929297
874,OC1=CC=C(O)C=C1,6.583664
875,CC(=C)C1CCC(C(O)C1)C(=O)OC1C(O)OC(C(O)C1O)C(O)=O,6.6362877
876,CC(=C)C1CCC(C(C1)OC1C(O)OC(C(O)C1O)C(O)=O)C(O)=O,5.307156
877,CC(=C)C1CCC(C(O)C1)C(=O)NC(O)=O,5.5201516
878,CC(=C)C1CCC(C(C1)NCC(O)=O)C(O)=O,6.6642976
879,CC(C)C1CCC(C(C1)OC1C(O)OC(C(O)C1O)C(O)=O)C(O)=O,5.106192
880,CC(C)C1CCC(C(O)C1)C(O)=O,5.6141667
881,[H]\C(=C(\[H])C1=C(O)C(O)=C(O)C=C1)C(O)=O,5.17592
882,OC(=O)CC1=CC=C(OS(O)(=O)=O)C=C1,5.282878
883,OC1=CC=C(CC(=O)OS(O)(=O)=O)C=C1,6.911034
884,CC(C)CCC[C@@H](C)CCC[C@@H](C)CCCC(C)C(O)C(O)=O,5.352368
885,OCCC1=CC(OS(O)(=O)=O)=C(O)C=C1,5.322354
886,OCCC1=CC(O)=C(OS(O)(=O)=O)C=C1,6.075348
887,[H][C@](CO)(C(=O)OC1([H])CC2([H])CCC([H])(C1)N2C)C1=CC=CC=C1,5.995707
888,[H][C@@](CSC(S)=NCCCS(C)=O)(N=C(C)O)C(O)=O,5.1402965
889,CS(=O)CCCN=C=S,5.097058
890,CSC[CH+]CN=C=S,5.144457
891,OC(=O)CC1=CNC2=C1C=CC=C2,5.231272
892,OCC1=CNC2=CC=CC=C12,5.115138
893,[H]C(=O)C1=CNC2=C1C=CC=C2,5.184908
894,OC(=O)C1=CNC2=C1C=CC=C2,6.3082423
895,CC(=O)NC(CSC(=S)NCC1=CNC2=C1C=CC=C2)CC(O)=O,6.7522144
896,CC1(C)CCC[C@H]2[C@]3(C)[C@@H](O)C[C@@](C)(C=C)C=C3C(=O)C[C@]12O,5.235882
897,CC(C)CC(=O)CC1(C)CCC(O1)C1=COC=C1,6.1554203
898,OC1=CC=C(C=C1)C(=O)C1=C(O)C=C(O)C=C1O,5.262186
899,C\C=C\S(=O)CC(N)C(O)=O,5.1118226
900,CC(C)CCOC(C)=O,5.062629
901,CC(C)CCOC(=O)C(C)C,5.2127995
902,COC1=CC2=C(C=CO2)C2=C1C=CC(=O)O2,5.3429046
903,[H]C1(O)CC2CCC1(C)C2(C)C,5.4660263
904,[H][C@]12CC(C)(C)[C@]1([H])CC\C(C)=C/CCC2=C,5.0650826
905,COC1=CC(\C=C\C)=CC=C1O,5.059574
906,COC1=C(O)C=C(\C=C\C(O)=O)C=C1,6.4371276
907,COC1=C(O[C@@H]2O[C@@H]([C@@H](O)[C@H](O)[C@H]2O)C(O)=O)C=C(\C=C\C(O)=O)C=C1,5.404706
908,[H]\C(=C(\[H])C1=CC(OS(O)(=O)=O)=C(OC)C=C1)C(O)=O,5.187796
909,COC1=CC=C(\C=C\C(=O)NCC(O)=O)C=C1O,5.656812
910,COC1=CC=C2OC3=CC(O)=CC(O)=C3C(=O)C2=C1,6.641217
911,[H][C@@]1(CO)[C@H](OC(=O)[C@]1([H])CC1=CC(OC)=C(O)C=C1)C1=CC=C(O)C(OC)=C1,6.619409
912,C[C@@]12CCC3=C(C=CO3)C1=CC[C@@]13CC(CCC21)[C@@](O)(CO)C3,6.569347
913,[H][C@]1(C\C(=C/C=NC(C(C)CC)C(O)=O)C=C(N1)C(O)=O)C(O)=O,5.423471
914,[H]\C(=C(\[H])C1=CC=C(O)C=C1)C(=O)C1=C(O)C=C(O)C=C1,5.1506186
915,CC(C)[C@@H]1CC[C@H](C)C[C@H]1O,5.2113843
916,COC1=C2OC=CC2=C(OC)C2=C1OC(=O)C=C2,5.026256
917,CC(C)C1=CC=C(C=C1)C(O)=O,5.1789985
918,CC1CCC(C(O)C1)C(C)=C,6.048179
919,COC1=C(O)C=CC(=C1)C1=C(O)C(=O)C2=C(O)C=C(O)C=C2O1,5.247427
920,COC1=C(O)C=CC(\C=C\C2=CC(O)=CC(O)=C2)=C1,6.772872
921,[H]O[C@H]1[C@]2([H])OC(=O)[C@@]3(CCCC(C)(C)[C@]13[H])C1=C(O[H])C(O[H])=C(CC21)C(C)C,5.55975
922,COC1=CC=C(C=C1)C1CC(=O)C2=C(O)C=C(O)C=C2O1,6.646608
923,COC1=CC=C(C=C1)C1CC(=O)C2=C(O)C=C(O[C@@H]3O[C@H](CO)C(O)[C@@H](O)[C@H]3O)C=C2O1,5.770654
924,OC1=CC2=C(C=C1)C1=C(C=CC(O)=C1)C(=O)O2,6.5896206
925,OC1C(O)C(OC2=CC3=C(C=C2)C2=C(C=CC(O)=C2)C(=O)O3)OC(C1O)C(O)=O,5.7224207
926,OC1=CC2=C(C=C1)C(=O)OC1=C2C=CC=C1O,5.3736615
927,OC1=CC2=C(C=C1)C(=O)OC1=C2C=CC=C1,4.9314427
928,[H]C(=O)CC(C)C,5.0264254
929,COC1=CC=C(C=C1O)C(O)=O,6.3128743
930,COC1=C(OC2OC(C(O)C(O)C2O)C(O)=O)C=C(C=C1)C(O)=O,5.354281
931,COC1=C(OS(O)(=O)=O)C=C(C=C1)C(O)=O,4.94229
932,COC1=CC=C(C=O)C=C1O,6.50953
933,COC1=C2C(=O)CC(OC2=C(CC=C(C)C)C(O)=C1)C1=CC=C(O)C=C1,6.1159034
934,COC1=C(O)C=CC(=C1)C1=CC(=O)C2=C(O1)C=C(O)C(OC)=C2O,5.5351443
935,OC1=CC=CC2=C1C(=O)C=CC2=O,5.8206983
936,COC1=CC=C(C=C1)C1=C([O-])C(=O)C2=C(O)C=C(O)C=C2O1,6.604116
937,C[C@@H]1O[C@H](OC2=C(OC3=CC(O)=CC([O-])=C3C2=O)C2=CC=C(O)C=C2)[C@H](O)[C@H](O)[C@H]1O,5.717774
938,OC1=CC=C(C=C1)C1=C(O)C(=O)C2=C(O)C=C(O)C=C2O1,5.174907
939,CC1=C2SCCC2=CO1,6.581782
940,C[C@@]12C=CC3=C(C=CO3)[C@H]1CC[C@@]13C[C@@H](CC[C@@H]21)[C@@](O)(CO)C3,6.407845
941,CC(C)=CCC1=C2OCC(C(=O)C2=C(O)C=C1O)C1=C(O)C=C(O)C=C1,5.3979964
942,NC(CC(=O)C1=CC=CC=C1N)C(O)=O,5.338444
943,N[C@@H](CCCNC(N)=N)C([O-])=O,5.2696867
944,[H][C@](N)(CC1=CN=CN1)C(O)=O,5.8263993
945,CC1=C2C(C3OC(=O)C(=C)C3C(O)C1)C(CO)=CC2=O,6.6627584
946,CC1=C2C(C3OC(=O)C(=C)C3C(C1)OC(=O)CC1=CC=C(O)C=C1)C(CO)=CC2=O,6.804542
947,CC1=C2C(C3OC(=O)C(=C)C3C(C1)OC(=O)CC1=CC=C(O)C=C1)C(COC(=O)C(O)=O)=CC2=O,6.6627584
948,CC1=C2[C@@H]([C@H]3OC(=O)C(=C)[C@@H]3[C@H](C1)OC(=O)CC1=CC=C(O)C=C1)C(CO)=CC2=O,6.7789025
949,[H]\C1=C(\CC[C@@]2([H])[C@]([H])(C)C(=O)O[C@]2([H])\C([H])=C(C)\[C@]([H])(C1)O[C@]1([H])O[C@]([H])(CO)[C@@]([H])(O)[C@]([H])(O)[C@@]1([H])O)C=O,5.251883
950,CC1=C2CCC(=C)C2=C2OC(=O)C(C=O)=C2C=C1,6.6014314
951,[H][C@]1(C\C(=C/C=N/C(CC(C)C)C(O)=O)C=C(N1)C(O)=O)C(O)=O,6.353019
952,CC(C)=CCC1=C(O)C(=CC=C1O)C1=COC2=C(C(O)=CC(O)=C2)C1=O,5.173032
953,CC(=C)C1CCC(C)=CC1,6.6067595
954,CC(=C)C1CCC(C)(O)C(C1)OC1C(O)OC(C(O)C1O)C(O)=O,6.611515
955,CC(=C)C1CCC(C)(OC2C(O)OC(C(O)C2O)C(O)=O)C(O)C1,5.422722
956,CC(=C)C1CCC(C)(O)C(C)(O)C1,5.2054534
957,CC(=C)C1CCC2(C)OC2C1,5.0768895
958,CC1=CCC(CC1)C(=C)CO,6.586138
959,CC1=CCC(CC1)C(=C)COC1OC(C(O)C(O)C1O)C(O)=O,6.6209755
960,CC1=CCC(CC1)C(C)(CO)OC1C(O)OC(C(O)C1O)C(O)=O,6.557986
961,CC1=CCC(CC1)C(C)(O)COC1C(O)OC(C(O)C1O)C(O)=O,5.1204324
962,CC1=CCC(CC1)C(C)(O)CO,5.132024
963,[H]OCC(C)CCCC(C)(O[H])C=C,5.084808
964,[H]OC\C(C)=C/CCC(C)(O[H])C=C,5.084808
965,[H]OC\C(C)=C\CCC(C)(O[H])C=C,5.418422
966,CC(=C)[C@@]1(C)CC[C@](C)(O1)C=C,5.4874067
967,CC(C)(O)[C@@]1(C)CC[C@](C)(O1)C=C,5.3998446
968,CC1(C)O[C@@](C)(CC[C@@H]1O)C=C,5.278679
969,CC(=C)[C@@H]1CC[C@](C)(O1)C=C,5.4874067
970,[H]OC(C)(C)[C@]1(C)CC[C@](C)(O1)C=C,5.3856215
971,[H]O[C@H]1CC[C@@](C)(OC1(C)C)C=C,5.1107755
972,CC(C)=CCCC(C)(O)C=C,6.6771264
973,CC(C)=CCCC(C)(O[C@@H]1[C@@H](O)[C@H](O)O[C@@H]([C@H]1O)C(O)=O)C=C,5.3334746
974,[H][C@]1(O)[C@]([H])(O)[C@@]([H])(CO)O[C@@]([H])(OC(C)(C)C#N)[C@]1([H])O,6.4178505
975,COC(=O)\C=C\C1=CC=C(OC2OC(CO)C(O)C(O)C2O)C=C1,6.520271
976,COC(=O)\C=C\C1=CC(OC)=CC(O[C@@H]2O[C@H](CO)[C@@H](O)[C@H](O)[C@H]2O)=C1,5.486038
977,OC1=CC=C(C=C1)C1CC(=O)C2=C(O1)C=C(O)C=C2,6.665032
978,OC[C@H]1O[C@@H](OC2=CC=C(C=C2)C2CC(=O)C3=C(O2)C=C(O)C=C3)[C@H](O)[C@@H](O)[C@@H]1O,5.567583
979,CC12CCCC(C)(C)C3C(CCC13)C2=C,5.4518204
980,[H][C@]1(O)[C@]([H])(O)[C@@]([H])(CO)O[C@@]([H])(O[C@@](C)(CC)C#N)[C@]1([H])O,5.794233
981,C[C@@H]1C[C@H](O)C[C@H](C=O)[C@]11CC[C@H](C1)C(C)=C,5.3592353
982,OC1=CC=C(CCC2=CC=CC(O)=C2)C=C1,6.895869
983,CC(=C)[C@@H]1CC[C@]2(C)CC[C@]3(C)C(CCC4[C@@]5(C)CC[C@H](O)C(C)(C)C5CC[C@@]34C)C12,5.405041
984,[H][C@]12CCCCN1CCC[C@H]2CO,6.7403035
985,CC(C)CC(=O)C1=C(O)C(CC=C(C)C)=C(O)C(CC=C(C)C)(CC=C(C)C)C1=O,6.807999
986,CC(C)CC(=O)C1C(O)C(CC=C(C)C)(CC=C(C)C)C(O)C1=O,5.723874
987,OC1=CC(O)=C2C(=O)C=C(OC2=C1)C1=CC=C(O)C(O)=C1,6.3299556
988,OC1=CC(O)=C2C(=O)C=C(OC2=C1)C1=CC(OS(O)(=O)=O)=C(O)C=C1,5.1200614
989,[H][C@](N)(CCCCN)C(O)=O,6.589507
990,[H][C@]1(C\C(=C/C=N\C(CCCCN)C(O)=O)C=C(N1)C(O)=O)C(O)=O,5.4295163
991,OC(=O)\C=C\C1=CC(=CC=C1)S(O)(=O)=O,5.21292
992,CC1=CCCC(=C1)C(C)(C)O,6.000892
993,Oc1cc(O)c(C(=O)c2ccc(O)c(O)c2)c(O)c1,5.1525846
994,OC(CC(O)=O)C(O)=O,6.203073
995,COC1=CC(=CC(OC)=C1O)C1=[O+]C2=CC(O)=CC(O)=C2C=C1O,6.938457
996,[H][C@@]12CC(C)(C)CC[C@@]1(CC[C@]1(C)C2=CC[C@]2([H])[C@@]3(C)C[C@@H](O)[C@H](O)C(C)(C)[C@]3([H])CC[C@@]12C)C(O)=O,6.429311
997,CC1C2C(OC1=O)C1C(C=CC1(C)O)=C(C)CC2OC(C)=O,6.6468825
998,[H][C@]12COC(C3=CC(OC)=C(O)C(OC)=C3)[C@@]1([H])CO[C@@H]2C1=CC(OC)=C(O)C=C1,5.2597547
999,COC1=CC2=C(NC=C2CCNC(C)=O)C=C1,5.0434155
1000,OC(=O)CCC1=CC=CC=C1O,5.2236924
1001,CC1CC2=C(C(O)=CC=C2)C(=O)O1,5.278354
1002,CC(C)(O)C1CCC(CC1O)C(O)=O,5.1791663
1003,CC1(C)OC2CC(CCC12)C(O)=O,5.1265645
1004,CC(C)C1CCC(CC1O)C(O)=O,5.2896905
1005,CC(CC(O)=O)C1CCC(C)CC1O,5.1043954
1006,CC(C)C1CCC(CO)CC1O,5.174166
1007,CC1CCC(C(O)C1)C(C)(C)O,5.12571
1008,CC(CO)C1CCC(C)CC1O,5.209043
1009,CC1CCC2=C(C1)OC=C2C,6.6803794
1010,CC(C)[C@H]1CCC(C)CC1OC1OC(C(O)C(O)C1O)C(O)=O,5.3619556
1011,CC(C)[C@@H]1CC[C@@H](C)C[C@H]1OC(C)=O,5.6026397
1012,CC(C)CC(=O)O[C@@H]1C[C@H](C)CC[C@H]1C(C)C,5.271978
1013,COC1=C(C)OC(C)C1=O,6.5582395
1014,[H][C@]1(C\C(=C/C=N[C@@H](CCS(C)=O)C(O)=O)C=C(N1)C(O)=O)C(O)=O,6.477933
1015,[H][C@]1(C\C(=C/C=N\[C@@H](CCSC)C(O)=O)C=C(N1)C(O)=O)C(O)=O,6.8156924
1016,COC1=C(C=C2CC[C@H]3C(C)(C)CCC[C@]3(C(O)=O)C2=C1O)C(C)C,5.1721206
1017,COCC1=CNC2=CC=CC=C12,5.25009
1018,CON1CC(C(O)=O)C2=C1C=CC=C2,6.57049
1019,COC1=CC(CC=C)=CC(OC)=C1OC1O[C@@H](C(O)[C@H](O)C1O)C(O)=O,5.1363826
1020,COC1=CC(CC=C)=CC(OC)=C1O,5.144216
1021,COC(C(O)=O)C1=CC=CC=C1,5.0919194
1022,CS(=O)SCC=C,6.7756076
1023,COC(=O)[C@]12CCCC(C)(C)C1CCC1=CC(C(C)C)=C(O)C(O)=C21,5.190051
1024,CN=C=S,5.0204997
1025,COC(=O)\C=C\C1=CC=C(O)C=C1,5.029568
1026,COC(=O)C1=CC=C(O)C(O)=C1,6.8819757
1027,CCCCCCCCCCCCCCCCCC1=CC(=C(C(=C1)O)C)O,5.571692
1028,COC1=C(OC2=CC(O)=CC(O)=C2C1=O)C1=CC=CC=C1,5.123894
1029,CC1=CN=CC=N1,5.035422
1030,COC(=O)C1=CC(OC)=C(O)C=C1,6.625696
1031,COC1=CC(\C=C\C2=CC=C(OC3OC(C(O)C(O)C3O)C(O)=O)C=C2)=CC(O)=C1,5.99145
1032,COC1=CC(\C=C\C2=CC=C(OS(O)(=O)=O)C=C2)=CC(O)=C1,5.1553273
1033,COC1=CC(\C=C\C2=CC=C(O)C=C2)=CC(O)=C1,6.6506753
1034,COC1=CC(\C=C\C2=CC(O)=C(OC3OC(C(O)C(O)C3O)C(O)=O)C=C2)=CC(OC)=C1,6.3849435
1035,COC1=CC(\C=C\C2=CC(O)=C(OS(O)(=O)=O)C=C2)=CC(OC)=C1,5.231991
1036,COC1=CC(\C=C\C2=CC(O)=C(O)C=C2)=CC(OC)=C1,5.8080482
1037,OC1=CC(O)=C(C=C1)C1=C(O)C(=O)C2=C(O)C=C(O)C=C2O1,5.3695045
1038,CC(C)C1CC=C(C)C2CCC(C)=CC12,5.393657
1039,CC(C)C1CCC(=C)C2CCC(C)=CC12,5.116878
1040,CC(C)=CCCC(=C)C(O)C(O)=O,5.1066713
1041,CC(C)=CCCC(O)(C=C)C(O)=O,5.051538
1042,CC(C)=CCCC(=C)C=C,5.060038
1043,CC(C)=CCCC(=C)C(O)CO,5.084087
1044,CC(C)=CCCC(O)(CO)C=C,5.160697
1045,C\C(CO)=C\CCC(=C)C=C,5.096297
1046,COC1=CC(CC=C)=CC2=C1OCO2,5.2744756
1047,CC1(C)C2CC1C(=CC2)C(O)=O,5.2736664
1048,CC1(C)C2CC1C(CO)=CC2,4.9922633
1049,OC(=O)CNC(=O)C1=CC=CO1,5.171232
1050,CC(O)=NC1=CC=CC=C1O,5.153403
1051,[H]\C(C)=C(\[H])S(=O)CC(N=C(C)O)C(O)=O,5.2951884
1052,[H]N([C@@H](CSCC(C)C(O)=O)C(O)=O)C(C)=O,5.7974305
1053,[H][C@@](CSC(S)=NCCCSC)(N=C(C)O)C(O)=O,5.238485
1054,[H][C@@](CSC(S)=NCC=C)(N=C(C)O)C(O)=O,5.188459
1055,[H][C@@](C[S@@](=O)CC=C)(N=C(C)O)C(O)=O,6.394415
1056,OC(=O)CCC(NC(=O)\C=C\C1=CC(O)=C(O)C=C1)C(O)=O,5.502135
1057,CCCCCC(=O)NCCC1=CNC=N1,5.669931
1058,CCCCCC(=O)N[C@H](CO)CC1=CNC=N1,5.818807
1059,CCCCCCCC(=O)NCCC1=CNC=N1,6.3431163
1060,CCCCCCCC(=O)N[C@H](CO)CC1=CNC=N1,5.4823103
1061,OC(=N)NC(C(O)=O)C1=CC=C(O)C=C1,5.636576
1062,OC(=O)CC(NC(=O)\C=C\C1=CC=CC=C1)C(O)=O,6.561683
1063,COC1=CC(\C=C\CSCC(NC(=O)CCC(N)C(O)=O)C(O)=O)=CC(OC)=C1O,5.2129803
1064,CN1C=C(C=CC1=O)C(N)=O,5.1352253
1065,CN1C=C(C=CC1=O)C(O)=O,5.174779
1066,CN1C=CC(=O)C(=C1)C(N)=O,5.2461076
1067,CNC(=O)C1=CC=CN=C1,5.085555
1068,C[N+]1=CC=CC(=C1)C(N)=O,5.5170712
1069,OC1=CC=C(C=C1)C1CC(=O)C2=C(O)C=C(O)C=C2O1,6.179312
1070,OC1=CC(O)=C2C(=O)CC(OC2=C1)C1=CC=C(OS(O)(=O)=O)C=C1,6.189006
1071,OC1=CC=C(C=C1)C1CC(=O)C2=C(O)C=C(OS(O)(=O)=O)C=C2O1,6.0087085
1072,COC1=C(O)C2=C(OC(=CC2=O)C2=CC(O)=C(O)C=C2)C=C1O,5.056095
1073,CC(C)=CCC\C(C)=C/C=O,5.0392165
1074,CC(C)=CCC\C(C)=C/CO,5.1155696
1075,NC(=O)C1=CC=CN=C1,5.151584
1076,NC(=O)C1=C[N+]([O-])=CC=C1,5.058344
1077,OC(=O)C1=CC=CN=C1,6.6273274
1078,COC1=CC=C(C=C1OC)C1=CC(=O)C2=C(O1)C(OC)=C(OC)C(OC)=C2OC,6.6574492
1079,[H]\C(C)=C(/C)C(=O)OC1C\C(C)=C([H])\CC(O)\C(C)=C([H])\C2OC(=O)C(=C)C12,6.809059
1080,CCCCCCCCCCCCCC=CC=CC=CC1=C(C=CC=C1O)O,5.541868
1081,C[C@@H]1CC(=O)C=C2CC[C@H](C[C@@]12C)C(C)=C,6.1822705
1082,CC1CC(=O)C=C2CCC(CC12C)C(C)(O)CO,5.263985
1083,NC[C@H](O)C1=CC(O)=C(O)C=C1,6.1391406
1084,C/C(/C=C/C=C(/C)\C=C\C(O)=O)=C\C=C\C=C(/C)\C=C\C=C(/C)\C=C\C(O)=O,6.5372453
1085,COC1=C(O)C=CC(C[C@H]2COC(=O)[C@]2(O)CC2=CC(OC)=C(O)C=C2)=C1,5.4718657
1086,CC(C(=O)C1=C(O)C=C(O)C=C1)C1=CC=C(O)C=C1,5.072367
1087,CC(=C)CC\C=C(/C)C=C,5.112221
1088,[H]OC(C)(C)CC\C=C(\C)C=C,5.112221
1089,[H]\C(CCC(C)(C)O)=C(\C)C=C,6.6890497
1090,COC1=C(O)C=CC(CCC(O)CC(O)CCC2=CC(OC)=C(OS(O)(=O)=O)C=C2)=C1,6.577916
1091,COC1=CC(CCC(O)CC(O)CCC2=CC(OC)=C(O)C=C2)=CC=C1O,6.060748
1092,CCCCCC\C=C\C=C\C#CC#C\C=C\COC(C)=O,6.9157386
1093,[H][C@@]12CC(C)(C)CC[C@@]1(CC[C@]1(C)C2=CC[C@]2([H])[C@@]3(C)CC[C@H](O)C(C)(C)[C@]3([H])CC[C@@]12C)C(O)=O,6.920713
1094,CC1(C)CC[C@@]2(CC[C@]3(C)C(=CC[C@@H]4[C@@]5(C)CCC(=O)C(C)(C)[C@@H]5CC[C@@]34C)[C@@H]2C1)C(O)=O,6.3478847
1095,CC=C(C=O)[C@@H](CC=O)CC(=O)OCCC1=CC=C(O)C=C1,6.6910844
1096,COC(=O)C1=CO[C@@H](O[C@@H]2O[C@H](CO)[C@@H](O)[C@H](O)[C@H]2O)\C(=C/C)[C@@H]1CC(O)=O,6.6925845
1097,COC(=O)C1=COC(O)\C(=C/C)C1CC(=O)OCCC1=CC(O)=C(O)C=C1,5.465075
1098,[H]\C(=C(/[H])C1=CC=C(O)C=C1O)C1=CC(O)=CC(O)=C1,5.475967
1099,[H]\C(=C(\[H])C1=C(O)C=C(O)C=C1)C1=CC(O)=CC(O)=C1,5.151736
1100,OCC(O)COC(=O)\C=C\C1=CC=C(O)C=C1,6.3478847
1101,[H]\C(C)=C(/C=O)C(CC=O)CC(=O)OCCC1=CC=C(O)C=C1,4.960824
1102,OC1=CC=C(C=O)C=C1,5.122672
1103,OC(=O)C1=CC=C(O)C=C1,5.212003
1104,CC(=C)C1CCC(C)(O)C=C1,5.076201
1105,CC1=CCC(CC1)C(=C)C(O)=O,6.6299467
1106,CC(=C)C1CCC(COC2C(O)OC(C(O)C2O)C(O)=O)CC1,5.07347
1107,CC(=C)C1CCC(CO)CC1,4.9847665
1108,COC1=CC=C(\C=C\C=O)C=C1,5.018655
1109,COC1=CC=C(C(C)=O)C(O)=C1,5.847834
1110,CCCCCCC[C@H](O)\C=C\C#CC#C[C@H](O)C=C,6.2217927
1111,CCCCCCCC(=O)CCC1=CC(OC)=C(O)C=C1,5.3234534
1112,CN1C=NC2=C1C(=O)N(C)C(=O)N2,5.4547105
1113,CC1CCC2=C1CC1CCC2C1(C)C,6.52662
1114,COC1=C(OC)C=C(C=C1)C1=CC(=O)C2=C(O1)C(OC)=C(OC)C(O)=C2O,5.51506
1115,OC1=CC=C(C=C1)C1=[O+]C2=CC(O)=CC(O)=C2C=C1O,5.1656537
1116,CC(=O)C[C@H]1CCCCN1,5.727904
1117,COC1=CC(=CC=C1O)C1=[O+]C2=C(C=C1O)C(O)=CC(O)=C2,6.5876546
1118,CC(=C)C1CCC(=CC1)C(=O)OC1OC(C(O)C(O)C1O)C(O)=O,5.218306
1119,COC(=O)C1=CCC(CC1)C(C)=C,5.5103726
1120,CC(=C)C1CCC(=CC1)C(=O)OS(O)(=O)=O,5.0926404
1121,CC(=C)C1CCC(=CC1)C(O)=O,5.2782626
1122,CC(O)(CO)C1CCC(=CC1)C(O)=O,5.0721626
1123,CC(=C)C1CCC(CO)=CC1,5.0721626
1124,CC(=C)[C@H]1CCC(CO)=CC1,5.067082
1125,[H]C(=O)C1=CCC(CC1)C(C)=C,5.2716074
1126,CC(=C)C1CCC(=CC1)C(\O)=N\CC(O)=O,6.578481
1127,CC(=C)C1CCC(CO[C@@H]2O[C@@H]([C@@H](O)[C@H](O)[C@H]2O)C(O)=O)=CC1,5.5503163
1128,OCC1=CC=C(O1)C1=NC=CC2=C1NC1=CC=CC=C21,6.9277787
1129,CCCCC\C=C/C\C=C/CCCCC\C=C\C(=O)CC(O)COC(C)=O,6.9314685
1130,CCCCCCCCCCCCC\C=C\C(=O)CC(O)COC(C)=O,5.927296
1131,COC1=CC(=CC(O)=C1O)C1=[O+]C2=C(C=C1O)C(O)=CC(O)=C2,5.1536536
1132,CC(C)C1CC=C(C)C=C1,5.1679173
1133,CC(C)C1CCC(=C)C=C1,5.0641413
1134,OCCC1=CC=CC=C1,5.742891
1135,[H]\C(=C(\[H])C1=CC(O)=C(O)C=C1)C(=O)OCCC1=CC=CC=C1,5.1571097
1136,S=C=NCCC1=CC=CC=C1,5.180225
1137,NCCC1=CC=CC=C1,5.0409536
1138,OC(=O)CC1=CC=CC=C1,5.8563952
1139,OC(=O)CC1=CC=C(OS(O)(=O)=O)C(OS(O)(=O)=O)=C1,6.282988
1140,O[C@H]1[C@H](O)C(OC2=CC(CC(O)=O)=CC=C2)O[C@H]([C@@H]1O)C(O)=O,5.233011
1141,OC(=O)CC1=CC=CC(OS(O)(=O)=O)=C1,6.3158913
1142,O[C@H]1[C@H](O)C(OC2=CC=C(CC(O)=O)C=C2)O[C@H]([C@@H]1O)C(O)=O,5.4378586
1143,OC(=O)CC1=CC=C(OS(O)(=O)=O)C(O)=C1,6.5242205
1144,[H][C@]1(C\C(=C/C=N\[C@@H](CC2=CC=CC=C2)C(O)=O)C=C(N1)C(O)=O)C(O)=O,5.5597577
1145,OC1=CC=C(CCC(=O)C2=C(O)C=C(O)C=C2O)C=C1,5.1287713
1146,OC1=CC(O)=C(C=O)C(O)=C1,4.960789
1147,OC1=CC(O)=CC(O)=C1,6.842542
1148,CC(C)CCCC(C)CCCC(C)CCCC(C)=CCC1=C(C)C(=O)C2=CC=CC=C2C1=O,5.299541
1149,CN1C2CCC1(O)CCC2,6.8013
1150,CC(C)CCC[C@@H](C)CCC[C@@H](C)CCCC(C)CC(O)=O,6.792848
1151,CC(C)CCC[C@@H](C)CCC[C@@H](C)CCCC(=C)CC(O)=O,6.7850585
1152,[H]\C(C(O)=O)=C(/C)CCC[C@H](C)CCC[C@H](C)CCCC(C)C,6.7882266
1153,[H]\C(CC[C@H](C)CCC[C@H](C)CCCC(C)C)=C(/C)CC(O)=O,6.7850585
1154,[H]\C(C(O)=O)=C(\C)CCC[C@H](C)CCC[C@H](C)CCCC(C)C,6.7882266
1155,[H]\C(CC[C@H](C)CCC[C@H](C)CCCC(C)C)=C(\C)CC(O)=O,6.7246823
1156,CC(C)CCC[C@@H](C)CCC[C@@H](C)CCC\C(C)=C\CO,6.480243
1157,[H][C@]1(CC[C@@]2(C)CO[C@]3(C)C=CO[C@]23C1)C(C)(C)OC(C)=O,5.3825884
1158,[H]\C(=C(/[H])C1=CC(O)=CC(O)=C1)C1=CC=C(O)C(O)=C1,5.4105678
1159,OC1=CC(\C=C\C2=CC=C(O)C(O)=C2)=CC(O)=C1,5.270614
1160,COC1=C(OC)C2=C(OC(=O)C=C2)C2=C1OC=C2,5.2500052
1161,CC1=CCC2CC1C2(C)C,5.230099
1162,CC1(C)C2CC1C(=C)CC2,5.3058324
1163,CC1(C)C2CC1C(=C)C(O)C2,5.1976924
1164,CC1(C)C2CC1C(=C)C(=O)C2,5.4690824
1165,OC1=CC(O)=C2C(=O)CC(OC2=C1)C1=CC=CC=C1,5.218907
1166,OC1=CC(\C=C\C2=CC=CC=C2)=CC(O)=C1,5.1553473
1167,OC(=O)C1CCCCN1,5.6334605
1168,O=C(\C=C\C=C\C1=CC2=C(OCO2)C=C1)N1CCCCC1,4.930479
1169,[H]C(=O)C1=CC2=C(OCO2)C=C1,5.217097
1170,CC(C)=CCOC(=O)\C=C\C1=CC=C(O)C(O)=C1,6.7895904
1171,CC(C)CCCC(C)CCCC(C)CCCC(C)C(O)=O,5.0977664
1172,C[N+]1(C)CCC[C@H]1C([O-])=O,6.5335503
1173,OC(=O)[C@@H]1CCC[N+]1=CC=C1C[C@H](NC(=C1)C([O-])=O)C(O)=O,6.6005898
1174,OC(=O)[C@H]1C\C(=C/C=[N+]2/CCC[C@H]2C([O-])=O)C=C(N1)C(O)=O,5.0784345
1175,CCCS,5.364741
1176,CC(C)S,5.2824388
1177,CCC=S=O,5.032805
1178,OC1=CC=C(C=O)C=C1O,5.251168
1179,OC(=O)C1=CC(O)=C(O)C=C1,5.688681
1180,OC(=O)C1=CC(OS(O)(=O)=O)=C(O)C=C1,5.8473287
1181,OC(=O)C1=CC(O)=C(OS(O)(=O)=O)C=C1,5.7418537
1182,OC(=O)C1=CC(OS(O)(=O)=O)=C(OS(O)(=O)=O)C=C1,6.955996
1183,[H][C@@]1(CC[C@]2(C)[C@]1([H])[C@H](O)C[C@]1([H])[C@@]3(C)CC[C@H](O)C(C)(C)[C@]3([H])CC[C@@]21C)C(C)(O)CCC=C(C)C,6.9377837
1184,CC(C)=CCCC(C)(O)C1CC[C@]2(C)C1[C@H](O)CC1[C@@]3(C)CC[C@H](O)C(C)(C)C3[C@@H](O)C[C@@]21C,5.930041
1185,OC[C@H]1O[C@@H](OC(C#N)C2=CC=CC=C2)[C@H](O)[C@@H](O)[C@@H]1O,5.5744786
1186,COC1=CC2=C(C(O)=C1)C(=O)C(=CO2)C1=CC=C(O)C=C1,5.081327
1187,O=C1OC2=CC3=C(C=CO3)C=C2C=C1,6.202173
1188,[H]\C(=C(\[H])C1=CC(OC)=CC(OC)=C1)C1=CC=C(OS(O)(=O)=O)C=C1,5.10033
1189,[H]\C(=C(\[H])C1=CC(OC)=CC(OC)=C1)C1=CC=C(O)C=C1,6.6677065
1190,[H]\C(=C(\[H])C1=CC(OC)=CC(OC)=C1)C1=CC=C(OC2OC(C(O)C(O)C2O)C(O)=O)C=C1,4.954471
1191,NCCCCN,5.307968
1192,OC1=CC=CC(O)=C1O,5.7058043
1193,OC1=CC=CC(O)=C1OS(O)(=O)=O,6.3578854
1194,OC1=CC(O)=C2C(=O)C(O)=C(OC2=C1)C1=CC(OS(O)(=O)=O)=C(O)C=C1,6.347314
1195,OC1=CC(O)=C2C(=O)C(O)=C(OC2=C1)C1=CC(O)=C(OS(O)(=O)=O)C=C1,6.326457
1196,OC1=C(O)C=C(C=C1)C1=C(O)C(=O)C2=C(O)C=C(OS(O)(=O)=O)C=C2O1,5.8690834
1197,OC1=CC(O)=C2C(OC(=C(O)C2=O)C2=CC(O)=C(O)C=C2)=C1,5.4187894
1198,OC1C[C@@](O)(C[C@@H](O)[C@H]1O)C(O)=O,5.3974786
1199,OC1=CC(O)=CC=C1,5.2670026
1200,[H]\C(=C(/[H])C1=CC(O)=CC(O)=C1)C1=CC=C(O)C=C1,5.262877
1201,OC1=CC=C(\C=C\C2=CC(O)=CC(O)=C2)C=C1,6.041171
1202,C\C(\C=C\C=C(/C)\C=C\C1=C(C)CCCC1(C)C)=C/C=O,6.0637417
1203,COC1=CC(O)=C2C(=O)C(O)=C(OC2=C1)C1=CC(O)=C(O)C=C1,5.1723456
1204,[H][C@@](C)(O)[C@]([H])(O)[C@@]([H])(O)[C@@]([H])(O)CO,5.241307
1205,O(C1=C(O)C=C(/C=C/C2=CC(O)=CC(O)=C2)C=C1)C,5.745267
1206,OC(=O)c1cc(O)c2C(=O)c3c(O)cccc3C(=O)c2c1,5.458889
1207,[H]O[C@@H]1CC2=C(C([H])([H])[C@@H](CC2)C(=C([H])[H])C([H])([H])[H])[C@@]([H])([C@H]1O[H])C([H])([H])[H],5.1796775
1208,C[C@@H]1CCO[C@@H](C1)C=C(C)C,5.1796775
1209,C[C@@H]1CCO[C@H](C1)C=C(C)C,6.763169
1210,CC(C)C1=C(O)C2=C(C(C=O)=C1)C1(CCCC(C)(C)C1C=O)C(=O)O2,6.7934747
1211,CC(C)C1=C(O)C(O)=C2C(CCC3C(CCCC3(C)C)C2=O)=C1,6.794581
1212,CO[C@H]1C2OC(=O)[C@@]3(CCCC(C)(C)C23)C2=C1C=C(C(C)C)C(=O)C2=O,6.794581
1213,CO[C@@H]1C2OC(=O)[C@@]3(CCCC(C)(C)C23)C2=C1C=C(C(C)C)C(=O)C2=O,6.438394
1214,OC(=O)[C@H](CC1=CC(O)=C(O)C=C1)OC(=O)\C=C\C1=CC(O)=C(O)C=C1,5.4373546
1215,CC1CC(=O)C2=C1CC(CCC2C)C(C)=C,5.518083
1216,COC1=CC(O)=C2C(O)=C3C(=O)C=C(C)OC3=CC2=C1,6.2004266
1217,[H][C@](N)(CSC(S)=NCC1=CC=CC=C1)C(O)=NCC(O)=O,5.1269503
1218,N[C@@H](CSCC=C)C(O)=O,5.1697583
1219,[H][C@@](CSCC=C)(\N=C(\C)O)C(O)=O,5.1962457
1220,CS(=O)C[C@@H](N)C(O)=O,5.101176
1221,[H][C@](N)(CSC)C(O)=O,5.112161
1222,CSCCC(=O)SC,5.2772
1223,CSC(=O)C=C,6.2850404
1224,COC1=CC(\C=C\CSCC(N)C(O)=O)=CC(OC)=C1O,5.262186
1225,C\C=C\S(=O)C[C@@H](N)C(O)=O,5.2233396
1226,CC(C)[C@@]12C[C@@H]1C(=C)CC2,5.2328057
1227,CC(C)[C@]12C[C@H]1[C@@](C)(O)CC2,5.2328057
1228,CC(C)[C@]12C[C@H]1[C@](C)(O)CC2,5.0524154
1229,C=CCC1=CC2=C(OCO2)C=C1,6.588185
1230,CC(C)C1=C(O)C(O)=C2C(CCC3=C2C(=O)CCC3(C)C)=C1,5.626986
1231,COC1=CC(O)=C2C(=O)CC(OC2=C1)C1=CC=C(O)C=C1,5.1970024
1232,OC(=O)C1=C(O)C=CC=C1,5.2398076
1233,OC(=O)CNC(=O)C1=C(O)C=CC=C1,5.361117
1234,C[C@@H]1NCCC2=CC(O)=C(O)C=C12,5.61579
1235,C[C@@H]1NCCC2=C1C=C(O)C(OS(O)(=O)=O)=C2,5.1538205
1236,CC(C)=CC(C=C)C(C)=C,5.6655917
1237,COC1=CC2=C(C=C1)C(=O)C(=CO2)C1=CC=C(O)C(OC)=C1,6.664309
1238,[H][C@@]1(C)CC2=CC3=C(OCO3)C(OC)=C2C2=C(OC)C(OC)=C(OC)C=C2C[C@@]1(C)O,6.699904
1239,COC1=CC2=C(C(OC)=C1OC)C1=C(OC)C(OC)=C(OC)C=C1CC(C)(O)C(C)C2,5.007292
1240,COC1=C(OC)C=C2C=CC(=O)OC2=C1,6.1906085
1241,[H][C@](CO)(C(=O)OC1CC2C3OC3C(C1)N2C)C1=CC=CC=C1,6.7010026
1242,COC1=C(OC2OC(CO)C(O)C(O)C2O)C=C2OC(=O)C(=CC2=C1)C(C)(C)C=C,5.037415
1243,COC1=C(O)C=C2OC(=O)C=CC2=C1,6.4221144
1244,COC1=CC2=C(OC(=O)C=C2)C=C1O[C@@H]1O[C@H](CO)[C@@H](O)[C@H](O)[C@H]1O,5.7759023
1245,OC1=CC=C(C=C1)C1=CC(=O)C2=C(O1)C=C(O)C(O)=C2O,6.301396
1246,COC1=C(O)C=CC(C[C@@H](CO)[C@H](CO)CC2=CC(OC)=C(O)C=C2)=C1,5.4643683
1247,[H][C@@]12C[C@@H](CC[C@@]1(C)CCCC2=C)C(C)=C,6.238412
1248,OCC(\N=C/C=C1\CC(NC(=C1)C(O)=O)C(O)=O)C(O)=O,6.2384114
1249,OC[C@H](\N=C/C=C1\C[C@H](NC(=C1)C(O)=O)C(O)=O)C(O)=O,5.276939
1250,NCCC1=CNC2=C1C=C(O)C=C2,5.026174
1251,OC1=CC2=C(OCO2)C=C1,6.5041795
1252,[H][C@]12CO[C@H](C3=CC4=C(OCO4)C=C3)[C@@]1([H])CO[C@@H]2OC1=CC(OC)=C(O)C=C1,5.1621222
1253,CC1(C)OC2=C(C=C1)C1=C(C=CC(=O)O1)C=C2,5.526282
1254,CC(CCC=C(C)C)C1CCC(=C)C=C1,5.3191953
1255,O[C@@H]1CC(=C[C@@H](O)[C@H]1O)C(O)=O,5.968875
1256,[H]\C(CCCCC)=C(/[H])C(=O)CCC1=CC(OC)=C(O)C=C1,5.0565753
1257,COC1=CC(\C=C\C=O)=CC(OC)=C1O,6.5331903
1258,COC1=CC(\C=C\C(=O)O[C@@H]2O[C@@H]([C@@H](O)[C@H](O)[C@H]2O)C(O)=O)=CC(OC)=C1O,5.137631
1259,COC1=CC(\C=C\C(O)=O)=CC(OC)=C1O,5.947863
1260,COC1=CC(\C=C\C(=O)OS(O)(=O)=O)=CC(OC)=C1O,6.3748097
1261,COC1=CC(\C=C\C(=O)OCC[N+](C)(C)C)=CC(OC)=C1O,5.250961
1262,C\C(CC\C=C(/C)C=O)=C/C\C=C(/C)C=C,5.268106
1263,C\C(CC\C=C(/C)C=O)=C/CCC(=C)C=C,6.5293736
1264,COC1=C(OC)C=C(C=C1)C1=CC(=O)C2=C(OC)C(OC)=C(OC)C=C2O1,6.9094634
1265,CC[C@H](CC[C@@H](C)C1CCC2C3CCC4C[C@@H](O)CC[C@]4(C)C3CC[C@]12C)C(C)C,6.9191766
1266,[H][C@@]1(CC[C@@]2([H])[C@]3([H])CC=C4C[C@@H](O)CC[C@]4(C)[C@@]3([H])CC[C@]12C)[C@H](C)CC[C@@H](CC)C(C)C,6.919383
1267,CC[C@H](CC[C@@H](C)C1CCC2C3CC=C4C[C@@H](O)CC[C@]4(C)C3CC[C@]12C)C(C)C,5.244379
1268,CC1=CNC2=CC=CC=C12,4.9533873
1269,[H]C(C)=CC([H])=CC(O)=O,5.610146
1270,[H][C@]12CN3CCCC[C@@]3([H])[C@]([H])(CN3CCCC[C@]13[H])C2,5.1697845
1271,NCCCCNCCCN,5.5065694
1272,NCCCNCCCCNCCCN,5.2419753
1273,COC1=C2OC=CC2=C2OC(=O)C=CC2=C1,6.4349008
1274,CC(C)=CCC\C(C)=C\CC\C(C)=C\CC\C=C(/C)CC\C=C(/C)CCC=C(C)C,6.815333
1275,C[C@@]12CCC[C@](C)([C@H]1CCC13CC(=C)[C@@](O)(C1)CC[C@@H]23)C(=O)OC1OC(C(O)C(O)C1O)C(O)=O,6.7711267
1276,[H][C@@]12CC[C@]3(O)C[C@]1(CC3=C)CC[C@]1([H])[C@@](C)(CCC[C@@]21C)C(O)=O,6.901241
1277,CC[C@H](\C=C\[C@@H](C)C1CCC2C3CC=C4C[C@@H](O)CC[C@]4(C)C3CC[C@]12C)C(C)C,5.42898
1278,[H]\C(=C(\[H])C1=CC(OC)=C(O)C=C1)C(O)=NCCCCN,5.4054294
1279,CS(=O)CCCCN=C=S,5.481717
1280,[H]OC(=O)C([H])(N([H])[H])C([H])([H])SC(=S)N([H])C([H])([H])C([H])([H])C([H])([H])C([H])([H])S(=O)C([H])([H])[H],6.1669974
1281,[H]OC(=O)C([H])([H])N([H])C(=O)[C@@]([H])(N([H])[H])C([H])([H])SC(=S)N([H])C([H])([H])C([H])([H])C([H])([H])C([H])([H])[S@](=O)C([H])([H])[H],5.905321
1282,CC(=O)NC(CSC(=S)NCCCCS(C)=O)C(O)=O,5.4398265
1283,CS(=O)\C=C\CCN=C=S,5.244328
1284,CNCC(O)C1=CC=C(O)C=C1,5.331709
1285,COC1=CC(C=O)=CC(OC)=C1O,6.6501985
1286,COC1=CC(=CC(OC)=C1O)C1OCC2C1COC2C1=CC(OC)=C(O)C(OC)=C1,5.1802716
1287,COC1=CC(=CC(OC)=C1O)C(O)=O,6.484244
1288,[H][C@@]1(OC2=C(OC)C=C(C=C2OC)C(O)=O)O[C@]([H])(C(O)=O)[C@@]([H])(O)[C@]([H])(O)[C@@]1([H])O,5.5523443
1289,COC1=CC(=CC(OC)=C1OS(O)(=O)=O)C(O)=O,6.0606484
1290,COC1=C(O)C=C(C=C1)C1OC2=CC(O)=CC(O)=C2C(=O)C1O,6.5527015
1291,COC1=CC=C(C=C1)C1=CC(=O)C2=C(OC)C(OC)=C(OC)C(OC)=C2O1,6.112348
1292,[H]C([H])(C(O)C1=NC=CC2=C1NC1=CC=CC=C21)C([H])(O)C([H])(C)O,5.1904664
1293,OC(C(O)C(O)=O)C(O)=O,4.94301
1294,OC(C(O)C([O-])=O)C([O-])=O,5.91719
1295,O[C@@H]1[C@H](OC2=CC(O)=CC(O)=C2C1=O)C1=CC(O)=C(O)C=C1,5.4455743
1296,COC1=CC2=C(C(O)=C1)C(=O)C=C(O2)C1=CC=CC=C1,5.2286563
1297,CC(C)C1(O)CCC(C)=CC1,5.1618867
1298,CC(C)C1=CC=C(C)CC1,5.160573
1299,CC(C)C1=CCC(C)=CC1,5.1688495
1300,CC1=CC[C@@H](CC1)C(C)(C)O,5.184023
1301,CC(C)=C1CCC(C)(O)CC1,5.171392
1302,CC(C)=C1CCC(C)=CC1,6.793122
1303,COC1=C(O)C=CC(CC\C(O)=C\C(=O)CCC2=CC(OC)=C(OS(O)(=O)=O)C=C2)=C1,6.5630536
1304,COC1=C(O)C=CC(CC\C(O)=C\C(=O)CCC2=CC(OC)=C(O)C=C2)=C1,5.42046
1305,OC1C(COC2=CC(O)=CC=C12)C1=CC=C(O)C=C1,5.1365266
1306,CCC(C)(O)CCCC(C)C,5.104403
1307,C1CCSC1,6.3826284
1308,COC1=CC=C(C=C1)C1=CC(=O)C2=C(OC)C(OC)=C(OC)C=C2O1,5.2612386
1309,[H][C@](N)(CCC(O)=NCC)C(O)=O,5.5161204
1310,C[C@@H]1CC[C@]2(O1)C(C)=CCCC2(C)C,5.304024
1311,CN1C=NC2=C1C(=O)NC(=O)N2C,5.46259
1312,CN1C2=C(NC=N2)C(=O)N(C)C1=O,6.388978
1313,[H][C@]1(C\C(=C/C=N\C(C(C)O)C(O)=O)C=C(N1)C(O)=O)C(O)=O,5.27817
1314,CC(C)C12CC1(O)C(C)CC2,5.2288575
1315,CC(C)[C@@]12C[C@@H]1C(C)=CC2,5.1806817
1316,CC(C)C12CC1C(C)C(=O)C2,5.521775
1317,OC1=CC=C(C=C1)C1CC2=C(C(O)=CC(O)=C2)C(=O)O1,5.1742406
1318,CC(C)C1=C(O)C=C(C)C=C1,6.4551826
1319,COC1=CC=C(C=C1O)C1=CC(=O)C2=C(O)C(O)=C(OC)C(OC)=C2O1,4.9454007
1320,CC,6.5797915
1321,COC1=CC(CC2C(O)OCC2C(O)C2=CC=C(O)C(OC)=C2)=CC=C1O,5.1373405
1322,CC1=CC=C(C=C1)C(C)(O)C(O)=O,5.0461516
1323,CC1=CC=C(C=C1)C(=C)C(O)=O,5.0870085
1324,CC(C(O)=O)C1=CC=C(C)C=C1,5.661557
1325,OC(=O)C1=C(O)C=C(O)C=C1CC(=O)C1=CC=C(O)C=C1,5.024284
1326,OC\C=C\C1=CC=CC=C1,6.5917172
1327,[H]\C(=C(\[H])C1=CC(O)=CC(OC2OC(C(O)C(O)C2O)C(O)=O)=C1)C1=CC=C(OC)C=C1,5.8895903
1328,CC(C)CC(=O)C1=C(O)[C@@H](O)C(CC=C(C)C)C1=O,6.7665544
1329,CC(C)CC(=O)C1=C(O)[C@](O)(CCC=C(C)C)[C@@H](CC=C(C)C)C1=O,5.3868985
1330,CC(C)[C@@H]1CC[C@@H](C)C2CCC(=C)C=C12,5.446053
1331,Oc1ccc(cc1)\C=C\c1cc(O)cc(O)c1,6.4475756
1332,OS(=O)(=O)OC1=CC=C(\C=C\C2=CC(OS(O)(=O)=O)=CC(OS(O)(=O)=O)=C2)C=C1,6.332989
1333,OC1=CC(OS(O)(=O)=O)=CC(\C=C\C2=CC=C(OS(O)(=O)=O)C=C2)=C1,6.3654246
1334,OC1=CC=C(\C=C\C2=CC(OS(O)(=O)=O)=CC(OS(O)(=O)=O)=C2)C=C1,5.7145615
1335,OC1=CC(\C=C\C2=CC=C(OS(O)(=O)=O)C=C2)=CC(O)=C1,5.3234115
1336,O=C(\C=C\C=C\C1=CC=C2OCOC2=C1)N1CCCC1,6.105576
1337,COC1=CC(=CC(OC)=C1O)C1=CC(=O)C2=C(O)C=C(O)C=C2O1,5.3439755
1338,CC12C3CC(CC13)C2(C)C,6.8680825
1339,[H][C@@]1(C[C@]23C(=O)C(C(=O)CC(C)C)=C(O)[C@@]2(O)C(=O)C[C@]3([H])C1(C)C)C(C)=C,4.952082
1340,C[N+]1=CC=CC(=C1)C([O-])=O,5.446199
1341,CN(C)C,5.419967
1342,CN1C(=O)N(C)C2(C)NC(=O)N=C2C1=O,5.3000226
1343,NCCC1=CNC2=C1C=CC=C2,5.216109
1344,NC(CC1=CNC2=C1C=CC=C2)C(O)=O,6.5938187
1345,OC(=O)[C@H](CC1=CNC2=CC=CC=C12)\N=C/C=C1\C[C@H](NC(=C1)C(O)=O)C(O)=O,5.228848
1346,NCCC1=CC=C(OS(O)(=O)=O)C=C1,5.0811343
1347,NCCC1=CC=C(O)C=C1,6.47576
1348,OC(=O)C1C\C(=C/C=N\CCC2=CC=C(O)C=C2)C=C(N1)C(O)=O,6.4966407
1349,OC(=O)[C@H](CC1=CC=C(O)C=C1)N\C=C\C1=CC(=N[C@@H](C1)C(O)=O)C(O)=O,5.0724444
1350,OCCC1=CC=C(OS(O)(=O)=O)C=C1,6.2537804
1351,[H][C@@]1(OC2=CC=C(CCO)C=C2)O[C@]([H])(C(O)=O)[C@@]([H])(O)[C@]([H])(O)[C@@]1([H])O,4.9619718
1352,OCCC1=CC=C(O)C=C1,5.0522118
1353,OC1=CC2=C(C=C1)C=CC(=O)O2,5.726928
1354,OC1=CC2=C(C=C1)C1=C(C=C(O)C=C1)C(=O)O2,6.6030293
1355,OC1C(O)C(OC2=CC=C3C(OC(=O)C4=CC(O)=CC=C34)=C2)OC(C1O)C(O)=O,6.602996
1356,O[C@H]1[C@H](O)[C@@H](OC2=CC=C3C(OC(=O)C4=C3C=CC(O)=C4)=C2)O[C@H]([C@@H]1O)C(O)=O,5.7610903
1357,OC1=CC2=C(C=C1)C1=C(OC2=O)C(O)=CC=C1,5.413831
1358,OC1=CC2=C(C=C1)C1=C(C=CC=C1)C(=O)O2,6.6069245
1359,O[C@@H]1[C@@H](O)[C@H](OC2=CC3=C(C=C2)C2=CC=CC=C2C(=O)O3)O[C@@H]([C@H]1O)C(O)=O,5.752586
1360,OS(=O)(=O)OC1=CC=C2C(OC(=O)C3=CC=CC=C23)=C1,5.923577
1361,OC1=CC2=C(C=C1)C1=C(C=C(O)C(O)=C1)C(=O)O2,5.937712
1362,OC1=CC2=C(C=C1O)C1=C(OC2=O)C(O)=CC=C1,5.8746905
1363,OC1=CC2=C(C=C1O)C1=CC=C(O)C(O)=C1OC2=O,5.954601
1364,OC1=CC2=C(C(O)=C1)C1=C(OC2=O)C(O)=C(O)C=C1,5.879164
1365,OC1=C(O)C2=C(C=C1)C1=C(C=CC(O)=C1O)C(=O)O2,5.9293666
1366,OC1=CC2=C(C=C1)C1=C(OC2=O)C(O)=C(O)C=C1,5.7400165
1367,OC1=CC2=C(C(O)=C1O)C1=C(OC2=O)C(O)=C(O)C=C1,5.8545218
1368,OC1=CC2=C(C=C1)C1=C(C=C(O)C(O)=C1O)C(=O)O2,5.888374
1369,OC1=CC=CC2=C1OC(=O)C1=C2C(O)=C(O)C(O)=C1,5.2144556
1370,CC1=CCC(CC1=O)C(C)(O)CO,5.4471836
1371,C[C@@H]1CCC=C2CC[C@H](C[C@@]12C)C(C)=C,6.460159
1372,COC1=CC(=CC=C1OC1OC(C(O)C(O)C1C)C(O)=O)C(O)=O,5.135692
1373,COC1=CC(=CC=C1O)C(O)=O,5.3967786
1374,COC1=C(OS(O)(=O)=O)C=CC(=C1)C(O)=O,5.095611
1375,COC1=C(OS(O)(=O)=O)C=CC(C=O)=C1,4.9517503
1376,COC1=CC(C=O)=CC=C1O,6.293445
1377,[H][C@@]1(OC2=C(OC)C=C(C=O)C=C2)O[C@]([H])(C(O)=O)[C@@]([H])(O)[C@]([H])(O)[C@@]1([H])O,5.180008
1378,COC1=C(O)C=CC(=C1)C(O)=NCC(O)=O,5.092839
1379,COC1=CC(CO)=CC=C1O,5.1612062
1380,COC1=C(O)C=CC(=C1)C(O)C(O)=O,5.0185494
1381,COC1=C(OC)C=C(C=C1)C(O)=O,5.258842
1382,CC1=CC(O)C2CC1C2(C)C,6.593403
1383,OC1=CC=C(\C=C/C2=C3[C@H]([C@@H](OC3=CC(O)=C2)C2=CC=C(O)C=C2)C2=CC(O)=CC(O)=C2)C=C1,6.612253
1384,[H][C@@]1(OC2=C(C=C(\C=C\C3=CC(O)=CC(O)=C3)C=C2)[C@]1([H])C1=CC(O)=CC(O)=C1)C1=CC=C(O)C=C1,6.569943
1385,OC1=CC=C(\C=C\C2=CC(O)=CC3=C2[C@H]([C@@H](O3)C2=CC=C(O)C=C2)C2=CC(O)=CC(O)=C2)C=C1,6.569943
1386,OC1=CC=C(\C=C\C2=CC(O)=CC3=C2[C@H]([C@H](O3)C2=CC=C(O)C=C2)C2=CC(O)=CC(O)=C2)C=C1,5.7949357
1387,[H][C@@]12CC[C@](C)(O)[C@@]3([H])CC[C@@H](C)[C@@]3([H])[C@]1([H])C2(C)C,5.4994054
1388,CC1CCC2(O1)C(=C)C=CCC2(C)C,6.585542
1389,COC1=CC2=C(C[C@@H](O)C(C)(C)O2)C(O)=C1C(=O)\C=C\C1=CC=C(O)C=C1,6.3916354
1390,COC1=C(C(=O)\C=C\C2=CC=C(O)C=C2)C(O)=C2C=CC(C)(C)OC2=C1,6.5457835
1391,COC1=C(C(=O)\C=C\C2=CC=C(O)C=C2)C(O)=C(CC(O)C(C)=C)C(O)=C1,6.6742206
1392,CC(C)=CCC1=C(O)C(C(=O)\C=C\C2=CC=C(O)C=C2)=C2CC(C)(C)C=CC2=C1O,6.4665446
1393,COC1=C(C(=O)\C=C\C2=CC=C(O)C=C2)C(O)=C(CC=C(C)C)C(O)=C1,5.2169533
1394,COC1=C2OC(=O)C=CC2=CC2=C1OC=C2,5.2890944
1395,[H]OC1=C2OC(=O)C([H])=C([H])C2=C([H])C2=C1OC([H])=C2[H],5.192286
1396,[H][C@@]1(O)COC([H])(O)[C@]([H])(O)[C@@]1([H])O,5.5578227
1397,CC(C)C1CC[C@@]2(C)C3CC=C(C)C2C13,5.33865
1398,CSS\C=C/CS(=O)CC=C,5.4991617
1399,C=CCSS\C=C/CS(=O)CC=C,5.377691
1400,C\C(CO)=C/CNC1=C2N=CN=C2N=CN1,5.5048
1401,[H][C@@]1(CC=C(C)C=C1)[C@@H](C)CCC=C(C)C,6.9198537
1402,CC(=C)[C@@H]1CC[C@@]2(CC[C@]3(C)C(CCC4[C@]5(C)[C@@H](CC[C@@]34C)C(C)(C)C=C5C=O)C12)C(O)=O,5.1699247
1403,OC(NC(=O)C1=CC=CC=C1)C(O)=O,6.8949323
1404,[H][C@@]12CC(C)(C)CC[C@]1(C)CC[C@]1(C)C2=CC[C@]2([H])[C@@]3(C)CC[C@H](O)C(C)(C)[C@]3([H])CC[C@@]12C,6.324528
1405,OC(=O)CCC\N=C/C=C1\C[C@H](NC(=C1)C(O)=O)C(O)=O,5.306236
1406,N[C@@H](CCC(=O)N[C@@H](CS)C(O)=O)C(O)=O,5.71471
1407,O=C1CCC[C@@H]2[C@H]3C[C@@H](CN12)[C@@H]1CCCCN1C3,5.6193953
1408,[H][C@@]12CCCCN1C[C@H]1C[C@H]2CN2C=CC(=O)C[C@]12[H],5.844869
1409,[H][C@]12OC3=CC4=C(OCO4)C=C3[C@@]1(O)COC1=C2C=CC(OC)=C1,6.7317634
1410,CC(C)C1=CC2=C(C(O)=C1O)C13CCCC(C)(C)C1C(C2)OC3=O,6.90528
1411,[H][C@@]12CC=C3C4CCC([C@H](C)\C=C\[C@@H](CC)C(C)C)[C@@]4(C)CCC3[C@@]1(C)CC[C@H](O)C2,5.9292583
1412,OC1=CC2=C(C=C1)C1=C(C=C(O)C=C1O)C(=O)O2,5.905911
1413,OC1=CC2=C(C(O)=C1)C1=C(OC2=O)C(O)=CC=C1,6.928836
1414,C[C@@H]1CC[C@@]2(CC[C@]3(C)C(=CC[C@@H]4[C@@]5(C)C[C@@H](O)[C@H](O)C(C)(C)[C@@H]5CC[C@@]34C)[C@@H]2[C@H]1C)C(O)=O,6.912829
1415,[H][C@@]12[C@@H](C)[C@H](C)CC[C@@]1(CC[C@]1(C)C2=CC[C@]2([H])[C@@]3(C)CC[C@H](O)C(C)(C)[C@]3([H])CC[C@@]12C)C(O)=O,6.9101105
1416,C[C@@H]1CC[C@]2(CO)CC[C@]3(C)C(=CCC4[C@@]5(C)CC[C@H](O)C(C)(C)C5CC[C@@]34C)C2[C@H]1C,5.1890006
1417,CC(C)=CCOC1=CC=C(C=C1)C(O)=O,6.430859
1418,CC(C)[C@H](\N=C/C=C1\C[C@H](NC(=C1)C(O)=O)C(O)=O)C(O)=O,5.550631
1419,CCSSSCC,5.431968
1420,OC1=CC(CCC2=CC(O)=C(O)C=C2)=CC(O)=C1,5.3952003
1421,OC1=CC=C(CCC2=CC(O)=CC(O)=C2)C=C1,5.8957405
1422,[H]N(C(=O)CCC1=CC=C(O)C=C1)C1=CC=CC=C1C(O)=O,6.9191027
1423,CC(C)[C@@H](C)CC[C@@H](C)C1CCC2C3CC=C4CC(O)CC[C@]4(C)C3CC[C@]12C,5.8957405
